device_id,manufacture_date,notes_x,device_name,shorted,tbl_id,trd_id,baseline_version_id,route_id,jmp_label,device_thickness,electrolyte_thickness,leaked,other_failure,other_failure_description,route_name,id,measurement_date,ec_check_in_file,bleach_time,bleach_voltage,coulombic_efficiency,cycle_number,tint_time,tint_voltage,importData,bleach_final_current,bleach_max_current,tint_final_current,tint_max_current,tint_charge_a,tint_charge_b,tint_charge_c,tint_charge_d,charge_in,charge_out,local_path,server_path,tint_max_current_time,notes_y,initial_cycle,min_VLT_psuedo_coloration_efficiency,forty_VLT_psuedo_coloration_efficiency,ten_VLT_psuedo_coloration_efficiency,thirty_VLT_psuedo_coloration_efficiency,twenty_VLT_psuedo_coloration_efficiency,forty_VLT_coloration_efficiency,min_VLT_coloration_efficiency,ten_VLT_coloration_efficiency,thirty_VLT_coloration_efficiency,twenty_VLT_coloration_efficiency,optics_check_in_file,bleach_ten_time,bleach_five_time,bleach_one_time,bleach_point_one_time,delta_initial_final_percentage,delta_max_min_percentage,final_percentage,initial_percentage,max_percentage,min_percentage,tint_ten_time,tint_five_time,tint_one_time,tint_point_one_time,tint_ten_a,tint_five_a,tint_one_a,tint_point_one_a,a_final,a_initial,a_max,a_min,tint_ten_b,tint_five_b,tint_one_b,tint_point_one_b,b_final,b_initial,b_max,b_min,tint_ten_cri,tint_five_cri,tint_one_cri,tint_point_one_cri,cri_final,cri_initial,cri_max,cri_min,tint_ten_l,tint_five_l,tint_one_l,tint_point_one_l,l_final,l_initial,l_max,l_min,deltaE_initial,deltaE_final,tint_five_deltaE,deltaE_min,tint_one_deltaE,tint_point_one_deltaE,tint_ten_deltaE,expected_VLT,mesh_width_checkin,tint_time_eighty_vlt,tint_thirty_five_time,tint_forty_time,tint_min_time,tint_thirty_time,tint_twenty_time
4566,2024-10-14,"OBL3
sulfolane + 500mM ZnBr2 + 500mM Na Butyrate + 10mM TBABr +20% PEO 200kDa

check-in software crashed during tint of cycle 4, made cycle 5 bleach only, initial optics check-in cycle 6",20241014_LS_4566,False,,276,24,1.0,,,,False,False,,Ambient,5130,2024-10-17,,,,266.8956016549687,6,,,True,5.160915999999999,8.000426999999998,-12.99752,-12.99765,,,,,-3.0046129772819024,8.0191798831198,T:/Shared drives/Data/Devices/2024/10/20241014/20241014_LS_4566/cycle6/20241014_LS_4566_cycle6.tyntEC,/code/static/DjangoDevelopment/google-drive-data/Devices/2024/10/20241014/20241014_LS_4566/cycle6/20241014_LS_4566_cycle6.tyntEC,86.492019,,True,,,,,,,,,,,,,,,,15.789124636542933,18.560272549792323,45.74874143135313,29.9596167948102,45.74874143135313,27.18846888156081,,,,,,,,,-0.6090916424599802,-0.4909580209300213,-0.6090916424599802,-0.473488130803168,,,,,3.113935782707977,3.2918254372383604,3.113935782707977,3.4443124584351725,,,,,96.71763236807703,96.97441916905436,96.71763236807703,97.03858014102002,,,,,73.20047667803615,61.4180314761053,73.20047667803615,58.997744428834025,,,,,,,,,0.0,228.001142,,,,,
4566,2024-10-14,"OBL3
sulfolane + 500mM ZnBr2 + 500mM Na Butyrate + 10mM TBABr +20% PEO 200kDa

check-in software crashed during tint of cycle 4, made cycle 5 bleach only, initial optics check-in cycle 6",20241014_LS_4566,False,,276,24,1.0,,,,False,False,,Ambient,5256,2024-10-22,,,,107.03342021848317,502,,,True,0.08328058,8.000423,-12.997399999999999,-12.99757,,,,,-3.0029938420548787,3.2142070181017712,T:\Shared drives\Data\Devices\2024\10\20241014\20241014_LS_4566\cycle502\20241014_LS_4566_cycle502.tyntEC,/code/static/DjangoDevelopment/google-drive-data/Devices/2024/10/20241014/20241014_LS_4566/cycle502/20241014_LS_4566_cycle502.tyntEC,41.384325,,False,,,,,,,,,,,,,,,,-0.16739678054005935,15.42907498389544,53.731206055823314,53.898602836363374,53.908989612303,38.47991462840756,,,,,,,,,-0.9158772268787474,-0.9282013031906566,-0.919447006652585,-1.0689656777658763,,,,,3.615655172692067,3.4593037801085247,3.4454881113647584,7.490991688707127,,,,,96.9070909103558,96.8835243144136,96.87164205511206,98.57093269417612,,,,,78.07640343003116,78.17938128152349,78.17413820491629,68.25414313145374,,,,,,,,,0.0,231.005255,,,,,
4566,2024-10-14,"OBL3
sulfolane + 500mM ZnBr2 + 500mM Na Butyrate + 10mM TBABr +20% PEO 200kDa

check-in software crashed during tint of cycle 4, made cycle 5 bleach only, initial optics check-in cycle 6",20241014_LS_4566,False,,276,24,1.0,,,,False,False,,Ambient,5397,2024-11-01,,,,77.88574974625342,1002,,,True,0.09544109,8.000385,-12.99786,-12.997959999999999,,,,,-3.0034649305216314,2.3392711795025622,T:/Shared drives/Data/Devices/2024/10/20241014/20241014_LS_4566/cycle1002/20241014_LS_4566_cycle1002.tyntEC,/code/static/DjangoDevelopment/google-drive-data/Devices/2024/10/20241014/20241014_LS_4566/cycle1002/20241014_LS_4566_cycle1002.tyntEC,197.372873,,False,,,,,,,,,,,,,,,,0.3108478371577874,23.715658793566405,52.70837344075957,52.397525603601785,52.77512365090487,29.05946485733846,,,,,,,,,-1.4330852245322268,-1.2991361414557145,-1.36871086516821,-1.353714130923389,,,,,3.2649726475934226,3.3932153479727223,3.1401445313330445,7.600290158306433,,,,,97.13683553886378,97.07592609504384,97.07475732855906,99.22870190356944,,,,,77.46778891866312,77.28264202816547,77.4731534799784,60.525274648309505,,,,,,,,,0.0,242.996043,,,,,
4471,2024-09-18,"OBL3
sulfolane + 500mM ZnBr2 + 500mM Na Butyrate + 10mM TBABr +10% PEO 200kDa

cycles 3-500 only ran for 392 (394 total) before power outage. didn't catch this until after set to cycles 503-1000. will run for 106 catch-up cycles labelled as 395-500",20240918_DB_4471,False,,254,24,1.0,,,,False,False,,Ambient,4941,2024-09-20,,,,97.8742490724066,2,,,True,0.09889149000000001,10.00001,-13.00008,-13.00018,-1.844946379724549,,,,-2.002619670591976,1.9600489643681989,G:\Shared drives\Data\Devices\2024\09\20240918\20240918_DB_4471\cycle2\20240918_DB_4471_cycle2.tyntEC,/code/static/DjangoDevelopment/google-drive-data/Devices/2024/09/20240918/20240918_DB_4471/cycle2/20240918_DB_4471_cycle2.tyntEC,16.617715,,True,,,0.4213971207760654,,,,,,,,,,,,,0.1939654966209048,51.47664245272618,60.09786476072659,59.90389926410568,60.14779513733919,8.671152684613007,142.000031,,,,-4.867272627888469,,,,-0.6080958905909095,-0.6111381313290698,-0.6097501998926225,-4.819401686886521,0.5936040582662394,,,,2.723885919225455,2.810728513711047,2.703217795655921,0.21738756559530614,98.64561160749842,,,,96.55523647255144,96.5778249053079,96.54685463258114,98.39653762648791,37.26813852699196,,,,81.70539546020987,81.60407418718819,81.71407229350542,34.833932860743495,,,,,,,,0.6724,36.0,126.001049,,,,,
4471,2024-09-18,"OBL3
sulfolane + 500mM ZnBr2 + 500mM Na Butyrate + 10mM TBABr +10% PEO 200kDa

cycles 3-500 only ran for 392 (394 total) before power outage. didn't catch this until after set to cycles 503-1000. will run for 106 catch-up cycles labelled as 395-500",20240918_DB_4471,False,,254,24,1.0,,,,False,False,,Ambient,4942,2024-09-24,,,,105.99609422095301,502,,,True,0.09970097,9.999991,-13.00033,-13.000589999999999,-1.869063657960434,,,,-2.004013105984647,2.1241756200197335,G:\Shared drives\Data\Devices\2024\09\20240918\20240918_DB_4471\cycle502\20240918_DB_4471_cycle502.tyntEC,/code/static/DjangoDevelopment/google-drive-data/Devices/2024/09/20240918/20240918_DB_4471/cycle502/20240918_DB_4471_cycle502.tyntEC,0.623303,,False,,,,,,,,,,,,,,,,-0.5970114700480451,51.293921778790256,59.59092546411133,60.187936934159374,60.187936934159374,8.89401515536912,143.999305,,,,-2.9083907431807496,,,,-1.6109988128595876,-1.5619440639256799,-1.5619440639256799,-3.2106943246910937,-4.223614278224696,,,,2.8596533215576647,2.687759694155356,2.687759694155356,-4.28122085778867,96.55362741002784,,,,97.14072304682037,97.06374146058565,97.06374146058565,96.95414046374998,37.818767336266006,,,,81.32863446577434,81.66274992385858,81.66274992385858,35.70482251340219,,,,,,,,0.6724,36.0,127.999362,,,,,
4471,2024-09-18,"OBL3
sulfolane + 500mM ZnBr2 + 500mM Na Butyrate + 10mM TBABr +10% PEO 200kDa

cycles 3-500 only ran for 392 (394 total) before power outage. didn't catch this until after set to cycles 503-1000. will run for 106 catch-up cycles labelled as 395-500",20240918_DB_4471,False,,254,24,1.0,,,,False,False,,Ambient,5014,2024-09-30,,,,101.24990270262958,1002,,,True,0.09935065,10.00006,-12.72791,-13.00066,,,,,-2.002962887037959,2.0279979742957144,T:/Shared drives/Data/Devices/2024/09/20240918/20240918_DB_4471/cycle1002/20240918_DB_4471_cycle1002.tyntEC,/code/static/DjangoDevelopment/google-drive-data/Devices/2024/09/20240918/20240918_DB_4471/cycle1002/20240918_DB_4471_cycle1002.tyntEC,85.216579,,False,,,,,,,,,,,,,,,,-0.07361533439930668,46.29594715300799,58.64993979174403,58.72355512614334,58.72355512614334,12.42760797313535,,,,,,,,,-2.097392155038902,-2.054983581244507,-2.054983581244507,-1.1857954507553947,,,,,3.163194107771927,3.0594021075828426,3.0594021075828426,-3.3897011724285386,,,,,97.39572459236082,97.34912961652111,97.34912961652111,94.72512131121225,,,,,80.82577667619063,80.8487301592421,80.8487301592421,41.982569725366595,,,,,,,,,0.0,154.000559,,,,,
4471,2024-09-18,"OBL3
sulfolane + 500mM ZnBr2 + 500mM Na Butyrate + 10mM TBABr +10% PEO 200kDa

cycles 3-500 only ran for 392 (394 total) before power outage. didn't catch this until after set to cycles 503-1000. will run for 106 catch-up cycles labelled as 395-500",20240918_DB_4471,False,,254,24,1.0,,,,False,False,,Ambient,5054,2024-10-08,,,,104.9123487268947,2002,,,True,0.09950668,10.00006,-8.684779,-13.00101,-1.8729576261279444,,,,-2.001832267184826,2.100169249076447,T:/Shared drives/Data/Devices/2024/09/20240918/20240918_DB_4471/cycle2002/20240918_DB_4471_cycle2002.tyntEC,/code/static/DjangoDevelopment/google-drive-data/Devices/2024/09/20240918/20240918_DB_4471/cycle2002/20240918_DB_4471_cycle2002.tyntEC,74.451697,,False,,,,,,,,,,,,,,,,0.1653340764513942,50.02830372682444,59.08358152833728,58.91824745188588,59.10621713134233,9.077913404517892,148.99889,,,,0.8337274381365334,,,,-1.8379624575451947,-1.8392603718745404,-1.8180722942501837,0.6426662308359199,-3.6046654266533973,,,,1.7205833553608496,1.7791023897413716,1.6842008657431018,-3.9968549679798904,92.41100581669028,,,,96.89318962989884,96.90498461525985,96.87795506832585,92.49625577239405,38.009756989459056,,,,81.11880251084489,81.0181176873263,81.11583793266203,36.303459202626534,,,,,,,,,0.0,127.998984,,,,,
4471,2024-09-18,"OBL3
sulfolane + 500mM ZnBr2 + 500mM Na Butyrate + 10mM TBABr +10% PEO 200kDa

cycles 3-500 only ran for 392 (394 total) before power outage. didn't catch this until after set to cycles 503-1000. will run for 106 catch-up cycles labelled as 395-500",20240918_DB_4471,False,,254,24,1.0,,,,False,False,,Ambient,5206,2024-10-18,,,,66.11617890569237,3002,,,True,0.09563099,10.00027,-12.99668,-12.99701,,,,,-2.002982045035949,1.3242951923448638,T:/Shared drives/Data/Devices/2024/09/20240918/20240918_DB_4471/cycle3002/20240918_DB_4471_cycle3002.tyntEC,/code/static/DjangoDevelopment/google-drive-data/Devices/2024/09/20240918/20240918_DB_4471/cycle3002/20240918_DB_4471_cycle3002.tyntEC,0.0,,False,,,,,,,,,,,,,,,,-0.10240932298243166,32.25236694087924,59.2238524388151,59.32626176179753,59.32626176179753,27.07389482091829,,,,,,,,,-1.3571183521952634,-1.3737576515238104,-1.3737576515238104,2.458363923048268,,,,,1.1042653012648174,1.1978010724841948,1.1978010724841948,5.638885513621905,,,,,96.42160334002511,96.4387625424765,96.4387625424765,95.62612368167709,,,,,81.2579959972069,81.32597492781224,81.32597492781224,59.41448292340806,,,,,,,,,0.0,153.999974,,,,,
4471,2024-09-18,"OBL3
sulfolane + 500mM ZnBr2 + 500mM Na Butyrate + 10mM TBABr +10% PEO 200kDa

cycles 3-500 only ran for 392 (394 total) before power outage. didn't catch this until after set to cycles 503-1000. will run for 106 catch-up cycles labelled as 395-500",20240918_DB_4471,False,,254,24,1.0,,,,False,False,,Ambient,5394,2024-11-01,,,,102.60446462465099,4002,,,True,0.9880399999999999,7.458445,-7.635125,-10.52227,,,,,-2.003090903562004,2.0552606975448784,T:/Shared drives/Data/Devices/2024/09/20240918/20240918_DB_4471/cycle4002/20240918_DB_4471_cycle4002.tyntEC,/code/static/DjangoDevelopment/google-drive-data/Devices/2024/09/20240918/20240918_DB_4471/cycle4002/20240918_DB_4471_cycle4002.tyntEC,125.216938,,False,,,,,,,,,,,,,,,,1.6457511960562314,33.930793887632476,59.316632378479255,57.670881182423024,59.357723631585,25.426929743952524,,,,,,,,,-1.1557426742270782,-1.106380608691393,-1.1425484424802956,3.4880876096954894,,,,,0.837966769234888,0.6429397114093627,0.8152365546197915,3.0212133781043704,,,,,96.2961681002057,96.23436978221923,96.28331538143749,94.1859575237954,,,,,81.31916751976806,80.4132498158298,81.32592918100991,57.98609041602427,,,,,,,,,0.0,244.989209,,,,,
4472,2024-09-18,"OBL3
sulfolane + 500mM ZnBr2 + 500mM Na Butyrate + 10mM TBABr +10% PEO 200kDa

cycles 3-500 only ran for 394 (396 total) before power outage. didn't catch this until after set to cycles 503-1000. will run for 104 catch-up cycles labelled as 397-500",20240918_DB_4472,False,,254,24,1.0,,,,False,False,,Ambient,4943,2024-09-20,,,,96.82777944018443,2,,,True,0.1003653,10.00001,-13.000070000000001,-13.00024,-1.6992279973061253,,,,-2.003752586237105,1.9401891347286553,G:\Shared drives\Data\Devices\2024\09\20240918\20240918_DB_4472\cycle2\20240918_DB_4472_cycle2.tyntEC,/code/static/DjangoDevelopment/google-drive-data/Devices/2024/09/20240918/20240918_DB_4472/cycle2/20240918_DB_4472_cycle2.tyntEC,0.635343,,True,,,0.4692046547864573,,,,,,,,,,,,,-0.11399721567645571,55.104905394604735,62.58862247758108,62.70261969325754,62.70261969325754,7.597714298652806,130.9982,,,,-4.832911173255572,,,,-0.5418252249297928,-0.5534503974451432,-0.5534503974451432,-4.497712227394812,-0.5410264477576643,,,,2.2272239238179337,2.277629172786644,2.277629172786644,-0.831497467492226,98.67839668861588,,,,96.40199147968002,96.43222256560998,96.43222256560998,98.40510040881394,37.39700206089605,,,,83.06466459735745,83.10131480544361,83.10131480544361,32.67149898957522,,,,,,,,0.6724,36.0,112.998089,,,,,
4472,2024-09-18,"OBL3
sulfolane + 500mM ZnBr2 + 500mM Na Butyrate + 10mM TBABr +10% PEO 200kDa

cycles 3-500 only ran for 394 (396 total) before power outage. didn't catch this until after set to cycles 503-1000. will run for 104 catch-up cycles labelled as 397-500",20240918_DB_4472,False,,254,24,1.0,,,,False,False,,Ambient,4973,2024-09-24,,,,102.80128300444854,502,,,True,0.09884828000000001,9.999993,-13.00047,-13.00057,-1.8817279162028675,,,,-2.0042641488444053,2.0604092598102386,T:/Shared drives/Data/Devices/2024/09/20240918/20240918_DB_4472/cycle502/20240918_DB_4472_cycle502.tyntEC,/code/static/DjangoDevelopment/google-drive-data/Devices/2024/09/20240918/20240918_DB_4472/cycle502/20240918_DB_4472_cycle502.tyntEC,0.615695,,False,,,,,,,,,,,,,,,,0.3064183134039311,49.07068930140852,57.97384683520574,57.66742852180181,58.09552099359705,9.024831692188526,144.999852,,,,-3.243880303334751,,,,-1.4632951098503821,-1.4283539601453454,-1.4611846897691905,-3.3453061218990388,-2.3443269792723043,,,,3.4346381320125685,3.5108712702261347,3.4362506334601584,-2.5968741764585523,97.23741396155606,,,,97.16541995692268,97.1545951295225,97.16543288208476,97.40332263946618,37.766016437151954,,,,80.45805917757919,80.30739114824958,80.49449965687522,35.92492156978718,,,,,,,,,0.0,131.999636,,,,,
4472,2024-09-18,"OBL3
sulfolane + 500mM ZnBr2 + 500mM Na Butyrate + 10mM TBABr +10% PEO 200kDa

cycles 3-500 only ran for 394 (396 total) before power outage. didn't catch this until after set to cycles 503-1000. will run for 104 catch-up cycles labelled as 397-500",20240918_DB_4472,False,,254,24,1.0,,,,False,False,,Ambient,5015,2024-09-30,,,,101.55236370446188,1002,,,True,0.09913534,10.00026,-12.996799999999999,-12.99697,,,,,-2.0030715929483587,2.034166549331675,T:/Shared drives/Data/Devices/2024/09/20240918/20240918_DB_4472/cycle1002/20240918_DB_4472_cycle1002.tyntEC,/code/static/DjangoDevelopment/google-drive-data/Devices/2024/09/20240918/20240918_DB_4472/cycle1002/20240918_DB_4472_cycle1002.tyntEC,0.62246,,False,,,,,,,,,,,,,,,,0.14833014878862372,47.63896481899684,59.127832052390346,58.97950190360172,59.15525723292748,11.516292413930646,,,,,,,,,-2.0327425664096177,-2.00284979966181,-1.9813509821677844,-1.6744256788659984,,,,,3.054771512980703,3.152021033227692,2.93867203907594,-3.6468103856309497,,,,,97.28196059357782,97.27587436393853,97.22561413971991,95.15259040934001,,,,,81.10110513351626,81.02048630730725,81.10323600944196,40.49695133640244,,,,,,,,,0.0,149.991925,,,,,
4472,2024-09-18,"OBL3
sulfolane + 500mM ZnBr2 + 500mM Na Butyrate + 10mM TBABr +10% PEO 200kDa

cycles 3-500 only ran for 394 (396 total) before power outage. didn't catch this until after set to cycles 503-1000. will run for 104 catch-up cycles labelled as 397-500",20240918_DB_4472,False,,254,24,1.0,,,,False,False,,Ambient,5055,2024-10-08,,,,100.80534808406311,2002,,,True,0.09932945,10.00028,-10.18023,-12.99802,-1.856100281942664,,,,-2.003651778573127,2.019788149783162,T:/Shared drives/Data/Devices/2024/09/20240918/20240918_DB_4472/cycle2002/20240918_DB_4472_cycle2002.tyntEC,/code/static/DjangoDevelopment/google-drive-data/Devices/2024/09/20240918/20240918_DB_4472/cycle2002/20240918_DB_4472_cycle2002.tyntEC,0.843097,,False,,,,,,,,,,,,,,,,-0.0910716339755453,50.93385828979595,59.79910312226191,59.89017475623746,59.89017475623746,8.956316466441503,145.999658,,,,0.9745595345183045,,,,-1.8311777467152623,-1.777467160205104,-1.777467160205104,0.6869262289357636,-4.370708790807876,,,,1.5945883214912193,1.4548747754355773,1.4548747754355773,-4.663613228062791,91.98893354948301,,,,96.82720669569838,96.7721926092847,96.7721926092847,92.18798519024477,38.066776272426885,,,,81.53287631828151,81.57175963639038,81.57175963639038,36.08668755009169,,,,,,,,,0.0,124.998472,,,,,
4472,2024-09-18,"OBL3
sulfolane + 500mM ZnBr2 + 500mM Na Butyrate + 10mM TBABr +10% PEO 200kDa

cycles 3-500 only ran for 394 (396 total) before power outage. didn't catch this until after set to cycles 503-1000. will run for 104 catch-up cycles labelled as 397-500",20240918_DB_4472,False,,254,24,1.0,,,,False,False,,Ambient,5207,2024-10-18,,,,99.61709970429176,3002,,,True,0.09922477,10.00027,-9.382200000000001,-12.99689,-1.9890827010084948,,,,-2.002487564411988,1.9948200336063338,T:/Shared drives/Data/Devices/2024/09/20240918/20240918_DB_4472/cycle3002/20240918_DB_4472_cycle3002.tyntEC,/code/static/DjangoDevelopment/google-drive-data/Devices/2024/09/20240918/20240918_DB_4472/cycle3002/20240918_DB_4472_cycle3002.tyntEC,118.370028,,False,,,,,,,,,,,,,,,,-0.2359730940546143,48.9135073525876,58.59132417180508,58.82729726585969,58.82729726585969,9.913789913272094,159.000026,,,,0.6331565408636275,,,,-1.3122914562080923,-1.3438454332285188,-1.3438454332285188,0.5815440821136386,-0.7814277008988957,,,,0.808669725264255,0.8962961152791937,0.8962961152791937,-0.7228857385943699,93.71987249167091,,,,96.35027502436552,96.37721333586558,96.37721333586558,93.79576826357345,37.95510216883932,,,,80.92483843343408,81.06503828524379,81.06503828524379,37.84396141427471,,,,,,,,,0.0,136.000518,,,,,
4472,2024-09-18,"OBL3
sulfolane + 500mM ZnBr2 + 500mM Na Butyrate + 10mM TBABr +10% PEO 200kDa

cycles 3-500 only ran for 394 (396 total) before power outage. didn't catch this until after set to cycles 503-1000. will run for 104 catch-up cycles labelled as 397-500",20240918_DB_4472,False,,254,24,1.0,,,,False,False,,Ambient,5399,2024-11-01,,,,98.12814810663261,4002,,,True,0.09948711,10.00028,-7.4017290000000004,-12.99693,-1.8950295285209335,,,,-2.0030664745092146,1.9655720367807064,T:/Shared drives/Data/Devices/2024/09/20240918/20240918_DB_4472/cycle4002/20240918_DB_4472_cycle4002.tyntEC,/code/static/DjangoDevelopment/google-drive-data/Devices/2024/09/20240918/20240918_DB_4472/cycle4002/20240918_DB_4472_cycle4002.tyntEC,6.362841,,False,,,,,,,,,,,,,,,,-1.6870051825323458,50.48004341517875,57.98262783037264,59.66963301290499,59.66963301290499,9.18958959772624,168.991298,,,,0.9716557111087987,,,,-0.9971458400317434,-1.0246038063260743,-1.0246038063260743,0.7832044889441447,-0.26241408058694793,,,,0.09780661165732507,0.24420025295119885,0.24420025295119885,-0.6054134306050063,93.7176287468908,,,,96.00253539964602,96.04755884770654,96.04755884770654,93.73479609540613,38.02156889977544,,,,80.60733742107927,81.5348235002297,81.5348235002297,36.45223170625718,,,,,,,,,0.0,142.000265,,,,,
4564,2024-10-14,"OBL3
sulfolane + 500mM ZnBr2 + 500mM Na Butyrate + 10mM TBABr +20% PEO 200kDa

check-in software crashed during tint of cycle 4, made cycle 5 bleach only, initial optics check-in cycle 6",20241014_LS_4564,False,,276,24,1.0,,,,False,False,,Ambient,5254,2024-10-22,,,,48.478924233912615,502,,,True,0.05054785,8.000411000000001,-12.99752,-12.99759,,,,,-3.004422474394034,1.4565116950281265,T:\Shared drives\Data\Devices\2024\10\20241014\20241014_LS_4564\cycle502\20241014_LS_4564_cycle502.tyntEC,/code/static/DjangoDevelopment/google-drive-data/Devices/2024/10/20241014/20241014_LS_4564/cycle502/20241014_LS_4564_cycle502.tyntEC,171.380403,,False,0.06744288854909054,,,,,,3.257491516921073,,,,,,,,,-0.04740179852553439,18.079041751004937,48.5794442277778,48.62684602630333,48.647939540979735,30.5688977899748,,,,,,,,,-1.137829148242786,-1.1042801809080238,-1.0440735281937452,-0.45927947753043874,,,,,3.0125176362390205,2.858379688577739,2.8110345794341685,7.122090123942915,,,,,96.9541535261361,96.9195837473271,96.85878473958289,98.2105955961452,,,,,74.9682645410317,74.9997243281864,74.98816991833586,62.060311790585715,,,,,,,,,0.0,235.000267,112.999093,,235.000267,,
4564,2024-10-14,"OBL3
sulfolane + 500mM ZnBr2 + 500mM Na Butyrate + 10mM TBABr +20% PEO 200kDa

check-in software crashed during tint of cycle 4, made cycle 5 bleach only, initial optics check-in cycle 6",20241014_LS_4564,False,,276,24,1.0,,,,False,False,,Ambient,5395,2024-11-01,,,,118.70430307197061,1002,,,True,0.09539089,8.000136,-13.00113,-13.0013,,,,,-3.0037744076924486,3.565609476505535,T:/Shared drives/Data/Devices/2024/10/20241014/20241014_LS_4564/cycle1002/20241014_LS_4564_cycle1002.tyntEC,/code/static/DjangoDevelopment/google-drive-data/Devices/2024/10/20241014/20241014_LS_4564/cycle1002/20241014_LS_4564_cycle1002.tyntEC,35.717072,,False,0.0765416648197975,,,0.12932886538462415,0.24256317510040154,,3.6969624107962193,,6.246584198077346,11.715801357349394,,,,,,0.24802632296783145,19.700479591401262,47.91759696873232,47.66957064576449,47.9324770803946,28.231997488993336,,,,,,,,,-1.4471610205622487,-1.378451484316534,-1.439289877734673,-1.2814971997462954,,,,,3.5461656798382313,3.578337174191737,3.515421935834384,8.030863205891992,,,,,97.26931244613,97.23175699338157,97.26416980879765,99.1368747653542,,,,,74.50299105369066,74.3674053889529,74.50104872319558,59.92201165534193,,,,,,,,,0.0,240.000844,62.998828,,240.000844,131.001869,
4564,2024-10-14,"OBL3
sulfolane + 500mM ZnBr2 + 500mM Na Butyrate + 10mM TBABr +20% PEO 200kDa

check-in software crashed during tint of cycle 4, made cycle 5 bleach only, initial optics check-in cycle 6",20241014_LS_4564,False,,276,24,1.0,,,,False,False,,Ambient,5128,2024-10-17,,,,115.2753405991071,6,,,True,0.189557,7.999542999999999,-7.2948249999999994,-12.9992,,,,,-3.0028284680746995,3.4615207441800595,T:/Shared drives/Data/Devices/2024/10/20241014/20241014_LS_4564/cycle6/20241014_LS_4564_cycle6.tyntEC,/code/static/DjangoDevelopment/google-drive-data/Devices/2024/10/20241014/20241014_LS_4564/cycle6/20241014_LS_4564_cycle6.tyntEC,32.463763,,True,0.20172174543342142,,,0.2275357364491274,0.3979490530592244,,9.743160304434253,,10.989976070492853,19.220939262760538,,,,,,1.2130727628792073,39.98503912807443,52.76420114165063,51.55112837877142,52.76420114165063,12.779162013576194,,,,,,,,,-0.7339690154965495,-0.7846423812976067,-0.7339690154965495,-1.5841541692583616,,,,,3.6817085526166915,4.064544201384757,3.6817085526166915,5.685747684996323,,,,,96.83103803579273,96.96011233846889,96.83103803579273,99.60491888196262,,,,,77.54119638878167,76.78306481141348,77.54119638878167,42.139219965188964,,,,,,,,,0.0,322.000213,62.000022,,322.000213,87.000075,173.999983
4565,2024-10-14,"OBL3
sulfolane + 500mM ZnBr2 + 500mM Na Butyrate + 10mM TBABr +20% PEO 200kDa

check-in software crashed during tint of cycle 4, made cycle 5 bleach only, initial optics check-in cycle 6",20241014_LS_4565,False,,276,24,1.0,,,,False,False,,Ambient,5129,2024-10-17,,,,113.01020610094265,6,,,True,0.152872,8.000114,-7.45773,-12.99979,,,,,-3.001577423523279,3.392088832603022,T:/Shared drives/Data/Devices/2024/10/20241014/20241014_LS_4565/cycle6/20241014_LS_4565_cycle6.tyntEC,/code/static/DjangoDevelopment/google-drive-data/Devices/2024/10/20241014/20241014_LS_4565/cycle6/20241014_LS_4565_cycle6.tyntEC,30.87282,,True,0.19169069549382547,,,0.2291220150020723,0.48088276376925404,,,,,,,,,,,7.372158534687443,39.24079916549012,50.76100487840692,43.38884634371948,50.82064465571775,11.579845490227632,,,,,,,,,-0.6643477040518819,-0.6769566971222551,-0.6514493837124213,-1.721642072337326,,,,,3.24662368156885,3.052882020052672,3.2273556565295625,4.94580480861857,,,,,96.74834614607416,96.78812826617666,96.73646010374756,99.4820423110742,,,,,76.36115405653416,71.63030899733683,76.36574062894287,40.2450671722966,,,,,,,,,0.0,307.000374,36.001086,,307.000374,57.0003,136.000106
4565,2024-10-14,"OBL3
sulfolane + 500mM ZnBr2 + 500mM Na Butyrate + 10mM TBABr +20% PEO 200kDa

check-in software crashed during tint of cycle 4, made cycle 5 bleach only, initial optics check-in cycle 6",20241014_LS_4565,False,,276,24,1.0,,,,False,False,,Ambient,5255,2024-10-22,,,,58.562494711072496,502,,,True,0.09438381,8.000425,-12.99742,-12.9975,,,,,-3.003603714450784,1.7589852664168173,T:\Shared drives\Data\Devices\2024\10\20241014\20241014_LS_4565\cycle502\20241014_LS_4565_cycle502.tyntEC,/code/static/DjangoDevelopment/google-drive-data/Devices/2024/10/20241014/20241014_LS_4565/cycle502/20241014_LS_4565_cycle502.tyntEC,28.872478,,False,,,,,,,,,,,,,,,,0.17956893739442847,16.719731307951676,50.61702759947865,50.43745866208422,50.64150813054774,33.921776822596065,,,,,,,,,-1.0651592416277,-1.0993536947115357,-1.0885595356489586,-0.5697186090786177,,,,,3.2311719302839936,3.234700501708865,3.2895801015522252,5.930573828099139,,,,,96.93955473408153,96.95984824668291,96.96241426779568,98.15814932252104,,,,,76.21306864168285,76.09124188182965,76.21036629643017,64.74333448362889,,,,,,,,,0.0,234.995997,,,,,
4565,2024-10-14,"OBL3
sulfolane + 500mM ZnBr2 + 500mM Na Butyrate + 10mM TBABr +20% PEO 200kDa

check-in software crashed during tint of cycle 4, made cycle 5 bleach only, initial optics check-in cycle 6",20241014_LS_4565,False,,276,24,1.0,,,,False,False,,Ambient,5396,2024-11-01,,,,87.3927614715013,1002,,,True,0.09805754,8.000415,-12.99755,-12.99765,,,,,-3.0036482161359244,2.624971120970672,T:/Shared drives/Data/Devices/2024/10/20241014/20241014_LS_4565/cycle1002/20241014_LS_4565_cycle1002.tyntEC,/code/static/DjangoDevelopment/google-drive-data/Devices/2024/10/20241014/20241014_LS_4565/cycle1002/20241014_LS_4565_cycle1002.tyntEC,66.620504,,False,0.05756931089860349,,,,,,,,,,,,,,,0.35927284681766025,16.521695833388044,49.5609986198608,49.20172577304314,49.63036423819479,33.10866840480674,,,,,,,,,-1.5398032196549116,-1.3950249892302202,-1.4781279947220227,-0.9397300520853635,,,,,3.238860479352912,3.3353756329592255,3.09650379255626,6.188690109485195,,,,,97.21764641396047,97.1367904206013,97.14939817049526,98.37523368932165,,,,,75.53820591940023,75.34258979406167,75.55625705665142,64.14155566067554,,,,,,,,,0.0,249.996898,116.997853,,249.996898,,
4523,2024-10-01,"OBL3
sulfolane + 500mM ZnBr2 + 500mM Na Butyrate + 10mM TBABr +20% PEO 200kDa",20241001_LS_4523,False,,276,24,1.0,,,,False,False,,Ambient,5040,2024-10-03,,,,98.52408706541681,4,,,True,0.235203,12.998199999999999,-6.005018,-12.09356,-2.4898245841394124,,,,-3.002321330779113,2.9580096819203936,T:/Shared drives/Data/Devices/2024/10/20241001/20241001_LS_4523/cycle4/20241001_LS_4523_cycle4.tyntEC,/code/static/DjangoDevelopment/google-drive-data/Devices/2024/10/20241001/20241001_LS_4523/cycle4/20241001_LS_4523_cycle4.tyntEC,17.865065,,True,,,0.29317647522198914,,,,,,,,,,,,,1.5152988651189858,46.94738850111763,55.2132846388335,53.697985773714514,55.2132846388335,8.265896137715867,309.001464,,,,-1.4136097452980556,,,,-0.9146678708416012,-0.9328048373175024,-0.9146678708416012,-1.6112839843063498,1.9550027113145685,,,,2.7780942416653964,2.809671722278817,2.7780942416653964,1.9597370864748775,97.83064467184155,,,,96.7366732910899,96.77372324908063,96.7366732910899,98.12699325900968,37.567314473494,,,,78.92352251470561,78.06286924610805,78.92352251470561,34.293087224304074,,,,,,,,,0.0,272.001302,,,,,
4523,2024-10-01,"OBL3
sulfolane + 500mM ZnBr2 + 500mM Na Butyrate + 10mM TBABr +20% PEO 200kDa",20241001_LS_4523,False,,276,24,1.0,,,,False,False,,Ambient,5048,2024-10-08,,,,58.597452529426754,502,,,True,0.1027903,8.000126999999999,-13.00161,-13.001769999999999,,,,,-3.005058471690679,1.7608877114304626,T:/Shared drives/Data/Devices/2024/10/20241001/20241001_LS_4523/cycle502/20241001_LS_4523_cycle502.tyntEC,/code/static/DjangoDevelopment/google-drive-data/Devices/2024/10/20241001/20241001_LS_4523/cycle502/20241001_LS_4523_cycle502.tyntEC,62.405029,,False,,,,,,,,,,,,,,,,0.20819917316541847,20.995006122930878,50.56052966525712,50.3523304920917,50.58036366293999,29.58535754000911,,,,,,,,,-1.4644699884390766,-1.4356345571818196,-1.4533806652963777,-0.7925138657856046,,,,,3.375384975568263,3.314559552588592,3.351617399201401,7.057381531498996,,,,,97.2264742219723,97.19432747138501,97.21682605118306,98.366659196488,,,,,76.13188840957372,76.00925773135623,76.13561641806079,61.22097749901289,,,,,,,,,0.0,236.690172,,,,,
4523,2024-10-01,"OBL3
sulfolane + 500mM ZnBr2 + 500mM Na Butyrate + 10mM TBABr +20% PEO 200kDa",20241001_LS_4523,False,,276,24,1.0,,,,False,False,,Ambient,5211,2024-10-18,,,,76.78621304598205,1003,,,True,0.09696784,10.00006,-13.00168,-13.001840000000001,,,,,-2.004086601084768,1.5388622071349307,T:/Shared drives/Data/Devices/2024/10/20241001/20241001_LS_4523/cycle1003/20241001_LS_4523_cycle1003.tyntEC,/code/static/DjangoDevelopment/google-drive-data/Devices/2024/10/20241001/20241001_LS_4523/cycle1003/20241001_LS_4523_cycle1003.tyntEC,4.215347,,False,,,,,,,,,,,,,,,,0.09921749516549738,8.051249964019213,51.38399492215546,51.28477742698996,51.49606768728492,43.44481772326571,,,,,,,,,-1.6273002682033466,-1.6263594444019813,-1.6274706376226966,-1.428570507403859,,,,,3.5292436561563667,3.5796428484998533,3.506965650619409,4.378298046660478,,,,,97.30664991787775,97.30808899727546,97.30083015489824,97.45747259775513,,,,,76.6740057557529,76.5881516757384,76.69574527658442,71.62382497959038,,,,,,,,,0.0,151.999563,,,,,
4524,2024-10-01,"OBL3
sulfolane + 500mM ZnBr2 + 500mM Na Butyrate + 10mM TBABr +20% PEO 200kDa",20241001_LS_4524,False,,276,24,1.0,,,,False,False,,Ambient,5041,2024-10-03,,,,99.4698969326527,4,,,True,0.16244229999999998,12.999,-6.34896,-12.999149999999998,-2.627499397856536,,,,-3.0012945993591824,2.9853846446278505,T:/Shared drives/Data/Devices/2024/10/20241001/20241001_LS_4524/cycle4/20241001_LS_4524_cycle4.tyntEC,/code/static/DjangoDevelopment/google-drive-data/Devices/2024/10/20241001/20241001_LS_4524/cycle4/20241001_LS_4524_cycle4.tyntEC,16.01435,,True,,,0.28084710664424123,,,,,,,,,,,,,1.449444949136911,47.4518593526613,56.14167143625688,54.69222648711997,56.14167143625688,8.68981208359558,312.002319,,,,-0.6086851905466317,,,,-0.6024331925360005,-0.5578611536085631,-0.6024331925360005,-0.6923607745122351,1.1898429497689822,,,,2.878711773144227,2.780839182035133,2.878711773144227,1.1888647381936734,96.70340451011728,,,,96.60236671454544,96.58238451232,96.60236671454544,96.8024956951497,37.692898747115095,,,,79.47741303691605,78.66794687751262,79.47741303691605,35.29437536187257,,,,,,,,,0.0,268.00237,,,,,
4524,2024-10-01,"OBL3
sulfolane + 500mM ZnBr2 + 500mM Na Butyrate + 10mM TBABr +20% PEO 200kDa",20241001_LS_4524,False,,276,24,1.0,,,,False,False,,Ambient,5049,2024-10-08,,,,48.18195121747112,502,,,True,0.0334555,8.000122,-13.00158,-13.00179,,,,,-3.003344024068962,1.4470697525697416,T:/Shared drives/Data/Devices/2024/10/20241001/20241001_LS_4524/cycle502/20241001_LS_4524_cycle502.tyntEC,/code/static/DjangoDevelopment/google-drive-data/Devices/2024/10/20241001/20241001_LS_4524/cycle502/20241001_LS_4524_cycle502.tyntEC,28.870005,,False,,,,,,,,,,,,,,,,-0.09489209418829603,16.03036547069906,46.98448591573933,47.07937800992762,47.16798332905575,31.13761785835669,,,,,,,,,-1.4510997058665986,-1.3926594081773436,-1.4112081945492072,-0.9981479317824338,,,,,3.6394129606381442,3.4506317067408476,3.5086196382544843,7.236658705726828,,,,,97.2982600220315,97.22900261119622,97.24417288657631,98.6667853618381,,,,,73.92691458481724,73.97337716399333,74.01670822758352,62.45376025959659,,,,,,,,,0.0,239.0011,,,,,
4524,2024-10-01,"OBL3
sulfolane + 500mM ZnBr2 + 500mM Na Butyrate + 10mM TBABr +20% PEO 200kDa",20241001_LS_4524,False,,276,24,1.0,,,,False,False,,Ambient,5212,2024-10-18,,,,167.64175462144152,1003,,,True,0.130045,10.00028,-12.99738,-12.99753,,,,,-2.002830838704423,3.357580760103428,T:/Shared drives/Data/Devices/2024/10/20241001/20241001_LS_4524/cycle1003/20241001_LS_4524_cycle1003.tyntEC,/code/static/DjangoDevelopment/google-drive-data/Devices/2024/10/20241001/20241001_LS_4524/cycle1003/20241001_LS_4524_cycle1003.tyntEC,108.123153,,False,,,,,,,,,,,,,,,,0.6616181444959963,26.570580042747768,49.929810660869045,49.26819251637305,50.00576738778109,23.435187345033324,,,,,,,,,-1.677354515120466,-1.6088743326559407,-1.7545779517963989,-1.664169451426667,,,,,3.369788800154372,3.4985094007020656,3.510916752797222,7.590128690297404,,,,,97.29025247068503,97.28975328498433,97.3582291626791,98.63455194238614,,,,,75.73320567526804,75.33710729093957,75.77664602924858,55.4651715147733,,,,,,,,,0.0,154.010242,,,,,
4525,2024-10-01,"OBL3
sulfolane + 500mM ZnBr2 + 500mM Na Butyrate + 10mM TBABr +20% PEO 200kDa",20241001_LS_4525,False,,276,24,1.0,,,,False,False,,Ambient,5042,2024-10-03,,,,98.29718332051853,4,,,True,0.1104004,13.000259999999999,-6.0482000000000005,-12.61458,-2.5400041164301927,,,,-3.001911423564597,2.9507943751408794,T:/Shared drives/Data/Devices/2024/10/20241001/20241001_LS_4525/cycle4/20241001_LS_4525_cycle4.tyntEC,/code/static/DjangoDevelopment/google-drive-data/Devices/2024/10/20241001/20241001_LS_4525/cycle4/20241001_LS_4525_cycle4.tyntEC,16.952142,,True,,,0.2950658652320079,,,,,,,,,,,,,0.8906177013844001,48.735808539955904,57.055973227398326,56.165355526013926,57.0757811794578,8.339972639501893,306.01383,,,,-1.4695391809896319,,,,-0.899658888519228,-0.9270261557817183,-0.8967944990338483,-1.426564505225797,2.1369550373729007,,,,3.2253073509091124,3.1587886519772734,3.195699682501707,1.6231911435715562,97.9420256585658,,,,96.8163523781151,96.82636253756706,96.81021032910704,97.88151585393751,37.506531712981186,,,,79.97924422975433,79.46916943495944,79.98424751937645,34.45641716112923,,,,,,,,,0.0,260.998556,,,,,
4525,2024-10-01,"OBL3
sulfolane + 500mM ZnBr2 + 500mM Na Butyrate + 10mM TBABr +20% PEO 200kDa",20241001_LS_4525,False,,276,24,1.0,,,,False,False,,Ambient,5050,2024-10-08,,,,51.69702207675415,502,,,True,0.09910256,8.000435,-12.99737,-12.99742,,,,,-3.004694425148142,1.553337540307836,T:/Shared drives/Data/Devices/2024/10/20241001/20241001_LS_4525/cycle502/20241001_LS_4525_cycle502.tyntEC,/code/static/DjangoDevelopment/google-drive-data/Devices/2024/10/20241001/20241001_LS_4525/cycle502/20241001_LS_4525_cycle502.tyntEC,138.366111,,False,,,,,,,,,,,,,,,,-0.030317614636999224,15.070017642764945,49.46518499225494,49.49550260689194,49.49628024531792,34.426262602552974,,,,,,,,,-1.4306749643515637,-1.4186293627504454,-1.4355587054530883,-0.6321669403232533,,,,,3.0890209798716484,3.151976340066809,3.1231613995583274,7.616412034496389,,,,,97.10233952422561,97.12443860287077,97.11743196070577,98.3076573288624,,,,,75.49324244030018,75.50668881514797,75.50690974949804,65.23932832458567,,,,,,,,,0.0,236.937017,,,,,
4525,2024-10-01,"OBL3
sulfolane + 500mM ZnBr2 + 500mM Na Butyrate + 10mM TBABr +20% PEO 200kDa",20241001_LS_4525,False,,276,24,1.0,,,,False,False,,Ambient,5213,2024-10-18,,,,199.48877687701963,1003,,,True,0.09941188,10.00007,-13.001719999999999,-13.00181,,,,,-2.0029841978259024,3.9957286772828757,T:/Shared drives/Data/Devices/2024/10/20241001/20241001_LS_4525/cycle1003/20241001_LS_4525_cycle1003.tyntEC,/code/static/DjangoDevelopment/google-drive-data/Devices/2024/10/20241001/20241001_LS_4525/cycle1003/20241001_LS_4525_cycle1003.tyntEC,93.872744,,False,,,,,,,,,,,,,,,,0.39252840070918893,20.33415910098404,50.43487199382791,50.04234359311872,50.507445907081184,30.173286806097146,,,,,,,,,-1.7128087449982954,-1.628446048089871,-1.6904922897745256,-1.0186819361576727,,,,,3.458038799917307,3.422076888294723,3.3912985860219402,7.509939054868364,,,,,97.3312094705689,97.28653859107176,97.30925680077752,98.18096043364903,,,,,76.0774706532634,75.84171091954869,76.09764316167042,61.792801065448174,,,,,,,,,0.0,154.000676,,,,,
4526,2024-10-01,"OBL3
sulfolane + 500mM ZnBr2 + 500mM Na Butyrate + 10mM TBABr +20% PEO 200kDa",20241001_LS_4526,False,,276,24,1.0,,,,False,False,,Ambient,5043,2024-10-03,,,,95.1753349120759,4,,,True,0.10378180000000001,13.00265,-6.406308,-12.99684,-2.618471219650821,,,,-3.001891252391085,2.857060053159525,T:/Shared drives/Data/Devices/2024/10/20241001/20241001_LS_4526/cycle4/20241001_LS_4526_cycle4.tyntEC,/code/static/DjangoDevelopment/google-drive-data/Devices/2024/10/20241001/20241001_LS_4526/cycle4/20241001_LS_4526_cycle4.tyntEC,28.871099,,True,,,0.2917102205225727,,,,,,,,,,,,,0.18849662627243902,49.79731009147969,58.24285331405098,58.054356687778544,58.28510120442822,8.487791112948535,291.999963,,,,-1.4970603160852358,,,,-0.8426240442458988,-0.9076763923091535,-0.8722809225043537,-1.5097179065027555,1.441295924886754,,,,2.872304354482069,2.913948751555351,2.9420722221900286,1.121302566507698,97.79317755689095,,,,96.67776154891912,96.72504204931519,96.70987397992471,97.8223292717809,37.559254796601685,,,,80.69447041278589,80.59263543437045,80.693357660168,34.74678188488372,,,,,,,,,0.0,248.002552,,,,,
4526,2024-10-01,"OBL3
sulfolane + 500mM ZnBr2 + 500mM Na Butyrate + 10mM TBABr +20% PEO 200kDa",20241001_LS_4526,False,,276,24,1.0,,,,False,False,,Ambient,5051,2024-10-08,,,,70.99459708442662,502,,,True,0.1061288,8.000442999999999,-12.9973,-12.99742,,,,,-3.004484043194602,2.1330213409318977,T:/Shared drives/Data/Devices/2024/10/20241001/20241001_LS_4526/cycle502/20241001_LS_4526_cycle502.tyntEC,/code/static/DjangoDevelopment/google-drive-data/Devices/2024/10/20241001/20241001_LS_4526/cycle502/20241001_LS_4526_cycle502.tyntEC,127.622202,,False,,,,,,,,,,,,,,,,0.32631513034795745,23.793852370836838,52.87921631767993,52.552901187331976,52.90871036310812,29.114857992271283,,,,,,,,,-1.3434641101211509,-1.3230934796159555,-1.3156304711209876,-1.820656227353501,,,,,3.1228069684904325,3.179174052083278,3.0817651804548873,3.511435138549701,,,,,97.03605024996925,97.03864988178063,97.01214333115698,97.73749233987542,,,,,77.58275087199097,77.37514735888766,77.57294453707385,60.52552105796988,,,,,,,,,0.0,234.999069,,,,,
4526,2024-10-01,"OBL3
sulfolane + 500mM ZnBr2 + 500mM Na Butyrate + 10mM TBABr +20% PEO 200kDa",20241001_LS_4526,False,,276,24,1.0,,,,False,False,,Ambient,5214,2024-10-18,,,,130.7963324578,1003,,,True,0.1044984,10.00007,-13.00166,-13.00178,,,,,-2.002227775437194,2.6188404977232453,T:/Shared drives/Data/Devices/2024/10/20241001/20241001_LS_4526/cycle1003/20241001_LS_4526_cycle1003.tyntEC,/code/static/DjangoDevelopment/google-drive-data/Devices/2024/10/20241001/20241001_LS_4526/cycle1003/20241001_LS_4526_cycle1003.tyntEC,15.966673,,False,,,,,,,,,,,,,,,,0.722792642123089,18.631176890283644,49.84557484564559,49.1227822035225,49.92335815371396,31.29218126343032,,,,,,,,,-1.5838081725413344,-1.4948011838611386,-1.5772330103109855,-0.3718403345024379,,,,,3.637006856481606,4.008906306366389,3.6111802696660256,6.046985998580556,,,,,97.32595230929508,97.3363158577749,97.3167205256329,98.25276884320364,,,,,75.71964273578075,75.29198018621543,75.74621643163567,62.64724102835115,,,,,,,,,0.0,153.000176,,,,,
4469,2024-09-18,"OBL3
sulfolane + 500mM ZnBr2 + 500mM Na Butyrate + 10mM TBABr +10% PEO 200kDa

cycle 1052 accidentally Bi cycle

couldn't get IR reading for cycle 1738

cycle ~2000 IR took 3 tries and looked wild

cycle 2152 - couldn't get IR after 3 tries",20240918_DB_4469,False,,254,24,5.0,,,,False,False,,Weatherometer,4939,2024-09-20,,,,99.30368906264306,2,,,True,0.09902783,10.00001,-13.000029999999999,-13.00025,-1.7743778296827617,,,,-2.003806493238006,1.989853769462121,G:\Shared drives\Data\Devices\2024\09\20240918\20240918_DB_4469\cycle2\20240918_DB_4469_cycle2.tyntEC,/code/static/DjangoDevelopment/google-drive-data/Devices/2024/09/20240918/20240918_DB_4469/cycle2/20240918_DB_4469_cycle2.tyntEC,0.654153,,True,,,0.4439807081638728,,,,,,,,,,,,,-0.09054929202507367,53.445187228142885,61.25591333076638,61.34646262279146,61.34646262279146,7.90127539464857,136.72808,,,,-4.551518631409651,,,,-1.0375356265712177,-1.0464285323356637,-1.0464285323356637,-4.988682827631708,-2.319259584702804,,,,2.961771642898947,2.9892574714543763,2.9892574714543763,-3.000625259085532,98.58319896407019,,,,96.82315444566143,96.84503233248267,96.84503233248267,98.72589199463667,37.58406966419004,,,,82.27027051690388,82.33311071116384,82.33311071116384,33.51663911187963,,,,,,,,0.6724,36.0,120.728124,,,,,
4469,2024-09-18,"OBL3
sulfolane + 500mM ZnBr2 + 500mM Na Butyrate + 10mM TBABr +10% PEO 200kDa

cycle 1052 accidentally Bi cycle

couldn't get IR reading for cycle 1738

cycle ~2000 IR took 3 tries and looked wild

cycle 2152 - couldn't get IR after 3 tries",20240918_DB_4469,False,,254,24,5.0,,,,False,False,,Weatherometer,4951,2024-09-25,,,,89.73151680163053,152,,,True,0.106144,9.999996000000001,-13.00038,-13.00041,-1.8561326402340808,,,,-2.004669483674565,1.7988203345606024,T:/Shared drives/Data/Devices/2024/09/20240918/20240918_DB_4469/cycle152/20240918_DB_4469_cycle152.tyntEC,/code/static/DjangoDevelopment/google-drive-data/Devices/2024/09/20240918/20240918_DB_4469/cycle152/20240918_DB_4469_cycle152.tyntEC,133.20783,,False,,,,,,,,,,,,,,,,-1.9872741146751451,50.16383064346607,57.01230742292859,58.99958153760374,58.99958153760374,8.835750894137666,142.997231,,,,-4.479551371060653,,,,-1.3086511995265004,-1.3029461912197893,-1.3029461912197893,-4.661419043365811,-1.6824693794718182,,,,3.2371503484648345,3.3371959483581515,3.3371959483581515,-1.9954601939435546,98.76973492178509,,,,97.04042717549186,97.04422266267548,97.04422266267548,98.9324755215612,37.60074450052891,,,,79.95850124183035,81.01829682098567,81.01829682098567,35.3872823830714,,,,,,,,,0.0,128.999176,,,,,
4469,2024-09-18,"OBL3
sulfolane + 500mM ZnBr2 + 500mM Na Butyrate + 10mM TBABr +10% PEO 200kDa

cycle 1052 accidentally Bi cycle

couldn't get IR reading for cycle 1738

cycle ~2000 IR took 3 tries and looked wild

cycle 2152 - couldn't get IR after 3 tries",20240918_DB_4469,False,,254,24,5.0,,,,False,False,,Weatherometer,4998,2024-09-27,,,,88.18010571087022,252,,,True,0.09280253000000001,9.99998,-12.99947,-12.999649999999999,-1.89715646903885,,,,-2.003430665939633,1.7666272790695596,T:/Shared drives/Data/Devices/2024/09/20240918/20240918_DB_4469/cycle252/20240918_DB_4469_cycle252.tyntEC,/code/static/DjangoDevelopment/google-drive-data/Devices/2024/09/20240918/20240918_DB_4469/cycle252/20240918_DB_4469_cycle252.tyntEC,0.572497,,False,,,,,,,,,,,,,,,,-2.176052921654737,50.282018774668295,57.28071824197702,59.45677116363176,59.45677116363176,9.174752388963464,146.008275,,,,-3.477350907578336,,,,-1.2342724182295983,-1.298694392783739,-1.298694392783739,-3.6750938276354783,-2.3845522815477027,,,,3.10421131037546,3.37208951714405,3.37208951714405,-2.2105802036650246,97.39660178906917,,,,97.0140160956551,97.0877252155872,97.0877252155872,97.74612138606564,37.67674945143828,,,,80.041394316767,81.21132267437824,81.21132267437824,36.13127007015235,,,,,,,,,0.0,130.000005,,,,,
4469,2024-09-18,"OBL3
sulfolane + 500mM ZnBr2 + 500mM Na Butyrate + 10mM TBABr +10% PEO 200kDa

cycle 1052 accidentally Bi cycle

couldn't get IR reading for cycle 1738

cycle ~2000 IR took 3 tries and looked wild

cycle 2152 - couldn't get IR after 3 tries",20240918_DB_4469,False,,254,24,5.0,,,,False,False,,Weatherometer,5008,2024-09-30,,,,87.62061415231527,496,,,True,0.1032261,10.00004,-12.999979999999999,-13.00013,-1.8679060634349007,,,,-2.003147637366053,1.7551702622377288,T:/Shared drives/Data/Devices/2024/09/20240918/20240918_DB_4469/cycle496/20240918_DB_4469_cycle496.tyntEC,/code/static/DjangoDevelopment/google-drive-data/Devices/2024/09/20240918/20240918_DB_4469/cycle496/20240918_DB_4469_cycle496.tyntEC,67.967555,,False,,,,,,,,,,,,,,,,-2.5340394929653556,49.30585608583558,55.81041166909937,58.34445116206473,58.34445116206473,9.038595076229152,144.00079,,,,-3.518144305016513,,,,-1.5817813375252898,-1.526161908080581,-1.526161908080581,-3.706424473925968,-1.9416978984261535,,,,3.773125185903381,3.899190108840922,3.899190108840922,-2.165407302677913,97.52061722845676,,,,97.27825307649725,97.24939535451114,97.24939535451114,97.89726866875304,37.62018595133935,,,,79.23411652170091,80.63901896424339,80.63901896424339,35.89125559364388,,,,,,,,,0.0,129.001736,,,,,
4469,2024-09-18,"OBL3
sulfolane + 500mM ZnBr2 + 500mM Na Butyrate + 10mM TBABr +10% PEO 200kDa

cycle 1052 accidentally Bi cycle

couldn't get IR reading for cycle 1738

cycle ~2000 IR took 3 tries and looked wild

cycle 2152 - couldn't get IR after 3 tries",20240918_DB_4469,False,,254,24,5.0,,,,False,False,,Weatherometer,5032,2024-10-02,,,,104.54274331753595,706,,,True,0.1007112,10.00009,-12.99794,-12.99798,,,,,-2.003285879859718,2.0942900152981867,T:/Shared drives/Data/Devices/2024/09/20240918/20240918_DB_4469/cycle706/20240918_DB_4469_cycle706.tyntEC,/code/static/DjangoDevelopment/google-drive-data/Devices/2024/09/20240918/20240918_DB_4469/cycle706/20240918_DB_4469_cycle706.tyntEC,153.616128,,False,,,,,,,,,,,,,,,,1.5476059048922437,49.03203651600391,59.67041209460139,58.122806189709145,59.67041209460139,10.63837557859748,,,,,,,,,-1.7247516411070807,-1.6793027409104377,-1.7247516411070807,-3.174689311765233,,,,,3.3288939172290366,3.3742924642399696,3.3288939172290366,-1.823236175643539,,,,,97.20932160694915,97.2123028186758,97.20932160694915,97.24588504737275,,,,,81.36536467752639,80.53617464051753,81.36536467752639,38.84882804043319,,,,,,,,,0.0,141.999987,,,,,
4469,2024-09-18,"OBL3
sulfolane + 500mM ZnBr2 + 500mM Na Butyrate + 10mM TBABr +10% PEO 200kDa

cycle 1052 accidentally Bi cycle

couldn't get IR reading for cycle 1738

cycle ~2000 IR took 3 tries and looked wild

cycle 2152 - couldn't get IR after 3 tries",20240918_DB_4469,False,,254,24,5.0,,,,False,False,,Weatherometer,5056,2024-10-07,,,,100.38779554767716,952,,,True,0.09855341000000001,8.000445000000001,-3.638287,-6.045722,,,,,-3.0011942671884846,3.012832764933784,T:/Shared drives/Data/Devices/2024/09/20240918/20240918_DB_4469/cycle952/20240918_DB_4469_cycle952.tyntEC,/code/static/DjangoDevelopment/google-drive-data/Devices/2024/09/20240918/20240918_DB_4469/cycle952/20240918_DB_4469_cycle952.tyntEC,56.621608,,False,,,,,,,,,,,,,,,,0.05014234815601526,38.68426537383915,54.88012439498401,54.82998204682799,54.89868129343143,16.214415919592273,,,,,,,,,-1.6595273300614166,-1.6536108659674364,-1.6543997859788662,-1.7948299189466943,,,,,3.0837462788482872,3.026742420642514,3.0775389861599,6.385478295064528,,,,,97.1728129523342,97.1679787066921,97.17267702273541,99.5994857678224,,,,,78.69997331250542,78.68799815037255,78.69493199460932,46.951478840657984,,,,,,,,,0.0,676.002153,,,,,
4469,2024-09-18,"OBL3
sulfolane + 500mM ZnBr2 + 500mM Na Butyrate + 10mM TBABr +10% PEO 200kDa

cycle 1052 accidentally Bi cycle

couldn't get IR reading for cycle 1738

cycle ~2000 IR took 3 tries and looked wild

cycle 2152 - couldn't get IR after 3 tries",20240918_DB_4469,False,,254,24,5.0,,,,False,False,,Weatherometer,5068,2024-10-09,,,,89.4896521391607,1053,,,True,0.10129060000000001,10.00024,-12.99706,-12.997150000000001,-1.7488353935466805,,,,-2.0047291728565053,1.79402516312156,T:/Shared drives/Data/Devices/2024/09/20240918/20240918_DB_4469/cycle1053/20240918_DB_4469_cycle1053.tyntEC,/code/static/DjangoDevelopment/google-drive-data/Devices/2024/09/20240918/20240918_DB_4469/cycle1053/20240918_DB_4469_cycle1053.tyntEC,14.967012,,False,,,,,,,,,,,,,,,,-2.9429754290913763,42.330215460843895,47.571189340613024,50.5141647697044,50.5141647697044,8.183949308860504,135.00091,,,,-2.79391706305257,,,,-1.629481476418726,-1.6704917702701216,-1.6704917702701216,-3.58023968447943,-1.5037366577650646,,,,3.0715222407361464,3.3056061969392037,3.3056061969392037,-0.8322291104202351,96.86501610730063,,,,97.23331425765836,97.2750971034757,97.2750971034757,98.11052713544102,37.68580969292731,,,,74.29281932408381,76.12138720952852,76.12138720952852,34.215105299698855,,,,,,,,,0.0,133.000093,,,,,
4469,2024-09-18,"OBL3
sulfolane + 500mM ZnBr2 + 500mM Na Butyrate + 10mM TBABr +10% PEO 200kDa

cycle 1052 accidentally Bi cycle

couldn't get IR reading for cycle 1738

cycle ~2000 IR took 3 tries and looked wild

cycle 2152 - couldn't get IR after 3 tries",20240918_DB_4469,False,,254,24,5.0,,,,False,False,,Weatherometer,5088,2024-10-11,,,,99.94474037385596,1202,,,True,0.09716117,6.18689,-3.882566,-6.005675,,,,,-2.000969809630145,1.9998640811940886,T:/Shared drives/Data/Devices/2024/09/20240918/20240918_DB_4469/cycle1202/20240918_DB_4469_cycle1202.tyntEC,/code/static/DjangoDevelopment/google-drive-data/Devices/2024/09/20240918/20240918_DB_4469/cycle1202/20240918_DB_4469_cycle1202.tyntEC,15.637015,,False,,,,,,,,,,,,,,,,0.0038182482581987642,33.26561789552156,50.21018764219066,50.20636939393246,50.21613782878206,16.950519933260505,,,,,,,,,-1.7290686319721416,-1.742894656147187,-1.7201276733534998,-2.091056136771019,,,,,3.1903649496136,3.2088112097822252,3.174421711618969,5.928093016370473,,,,,97.312571499128,97.32917227847756,97.30052995080361,99.69146491632596,,,,,75.89787065420755,75.90498784560002,75.89722669804354,47.967922955669714,,,,,,,,,0.0,573.999189,,,,,
4469,2024-09-18,"OBL3
sulfolane + 500mM ZnBr2 + 500mM Na Butyrate + 10mM TBABr +10% PEO 200kDa

cycle 1052 accidentally Bi cycle

couldn't get IR reading for cycle 1738

cycle ~2000 IR took 3 tries and looked wild

cycle 2152 - couldn't get IR after 3 tries",20240918_DB_4469,False,,254,24,5.0,,,,False,False,,Weatherometer,5101,2024-10-14,,,,92.72404756794457,1452,,,True,0.0992364,10.00023,-11.51253,-12.99719,-1.9819420763419344,,,,-2.003613280231283,1.8578313310393095,T:/Shared drives/Data/Devices/2024/09/20240918/20240918_DB_4469/cycle1452/20240918_DB_4469_cycle1452.tyntEC,/code/static/DjangoDevelopment/google-drive-data/Devices/2024/09/20240918/20240918_DB_4469/cycle1452/20240918_DB_4469_cycle1452.tyntEC,13.966598,,False,,,,,,,,,,,,,,,,-1.4929472304117724,36.42561995285663,44.856078604176986,46.34902583458876,46.34902583458876,9.92340588173213,157.00039,,,,-2.7651248968554865,,,,-1.6399862378218,-1.6477853675356258,-1.6477853675356258,-2.735129523779828,1.0955909030416544,,,,2.647395432714905,2.7800091075804056,2.7800091075804056,0.8833973865956635,98.04684195022375,,,,97.20458313029941,97.21463924872957,97.21463924872957,97.97597826106842,37.616741062894604,,,,72.57734229442943,73.5217358767983,73.5217358767983,37.52126815569913,,,,,,,,,0.0,163.003368,,,,,
4469,2024-09-18,"OBL3
sulfolane + 500mM ZnBr2 + 500mM Na Butyrate + 10mM TBABr +10% PEO 200kDa

cycle 1052 accidentally Bi cycle

couldn't get IR reading for cycle 1738

cycle ~2000 IR took 3 tries and looked wild

cycle 2152 - couldn't get IR after 3 tries",20240918_DB_4469,False,,254,24,5.0,,,,False,False,,Weatherometer,5205,2024-10-18,,,,92.28521697369798,1738,,,True,0.1000628,10.00022,-12.58992,-12.99729,-1.8504683655095595,,,,-2.002199443481504,1.8477341006630794,T:/Shared drives/Data/Devices/2024/09/20240918/20240918_DB_4469/cycle1738/20240918_DB_4469_cycle1738.tyntEC,/code/static/DjangoDevelopment/google-drive-data/Devices/2024/09/20240918/20240918_DB_4469/cycle1738/20240918_DB_4469_cycle1738.tyntEC,40.394276,,False,,,,,,,,,,,,,,,,-0.4642697191121101,33.374374247163125,42.07649991260008,42.54076963171219,42.54076963171219,9.166395384549064,142.997328,,,,-2.178702191047932,,,,-1.6088080239692326,-1.6327797423677515,-1.6327797423677515,-2.569978828949604,0.5299766817858376,,,,2.7646750856440416,3.0073829966843713,3.0073829966843713,1.0102521292242317,97.10295287663094,,,,97.24345631862575,97.29667447536278,97.29667447536278,97.84242131663044,37.833178001057036,,,,70.65891136265016,70.98590587337998,70.98590587337998,36.16664758904024,,,,,,,,,0.0,154.996891,,,,,
4469,2024-09-18,"OBL3
sulfolane + 500mM ZnBr2 + 500mM Na Butyrate + 10mM TBABr +10% PEO 200kDa

cycle 1052 accidentally Bi cycle

couldn't get IR reading for cycle 1738

cycle ~2000 IR took 3 tries and looked wild

cycle 2152 - couldn't get IR after 3 tries",20240918_DB_4469,False,,254,24,5.0,,,,False,False,,Weatherometer,5228,2024-10-21,,,,100.2370563637692,1902,,,True,0.09927688,5.810525,-4.390822,-5.414145,,,,,-2.0010791811792954,2.0058228667223417,T:\Shared drives\Data\Devices\2024\09\20240918\20240918_DB_4469\cycle1902\20240918_DB_4469_cycle1902.tyntEC,/code/static/DjangoDevelopment/google-drive-data/Devices/2024/09/20240918/20240918_DB_4469/cycle1902/20240918_DB_4469_cycle1902.tyntEC,221.273072,,False,,,,,,,,,,,,,,,,0.15655810707106355,30.098600188733727,45.219663963415165,45.0631058563441,45.23491393901271,15.136313750278989,,,,,,,,,-1.6858448335373422,-1.6816488010394925,-1.6227960452196433,-1.2992694775750269,,,,,2.724831568409458,2.639745049305775,2.5786836385917944,4.562592605808469,,,,,97.24446042646102,97.22803838835418,97.17593369567714,99.07414818644324,,,,,72.7876716565145,72.69160864913837,72.80212893538317,45.65843748530311,,,,,,,,,0.0,425.996973,,,,,
4469,2024-09-18,"OBL3
sulfolane + 500mM ZnBr2 + 500mM Na Butyrate + 10mM TBABr +10% PEO 200kDa

cycle 1052 accidentally Bi cycle

couldn't get IR reading for cycle 1738

cycle ~2000 IR took 3 tries and looked wild

cycle 2152 - couldn't get IR after 3 tries",20240918_DB_4469,False,,254,24,5.0,,,,False,False,,Weatherometer,5343,2024-10-30,,,,inf,2227,,,True,,,,,,,,,0.0,8.416681014991997e-11,T:/Shared drives/Data/Devices/2024/09/20240918/20240918_DB_4469/cycle2227/20240918_DB_4469_cycle2227.tyntEC,/code/static/DjangoDevelopment/google-drive-data/Devices/2024/09/20240918/20240918_DB_4469/cycle2227/20240918_DB_4469_cycle2227.tyntEC,,,False,,,,,,,,,,,,,,,,-0.003106669830742703,0.01147316577610269,44.552196601274495,44.55530327110524,44.5636697670506,44.552196601274495,,,,,,,,,-1.6807969420613023,-1.6885164141242637,-1.6988202084969872,-1.6807969420613023,,,,,2.340780450200164,2.354719385899817,2.357490889285163,2.340780450200164,,,,,97.13569409636855,97.15492151306952,97.15650566440547,97.13569409636855,,,,,72.37215598055323,72.37858303140126,72.3801984893699,72.37215598055323,,,,,,,,,0.0,2.001697,,,,,
4469,2024-09-18,"OBL3
sulfolane + 500mM ZnBr2 + 500mM Na Butyrate + 10mM TBABr +10% PEO 200kDa

cycle 1052 accidentally Bi cycle

couldn't get IR reading for cycle 1738

cycle ~2000 IR took 3 tries and looked wild

cycle 2152 - couldn't get IR after 3 tries",20240918_DB_4469,False,,254,24,5.0,,,,False,False,,Weatherometer,5263,2024-10-23,,,,105.93012036661511,1996,,,True,0.09970988,9.999974,-9.606557,-12.99938,,,,,-2.0035107903252096,2.122321391749616,T:\Shared drives\Data\Devices\2024\09\20240918\20240918_DB_4469\cycle1996\20240918_DB_4469_cycle1996.tyntEC,/code/static/DjangoDevelopment/google-drive-data/Devices/2024/09/20240918/20240918_DB_4469/cycle1996/20240918_DB_4469_cycle1996.tyntEC,615.604998,,False,,,,,,,,,,,,,,,,1.124092467489433,33.14529446347095,45.26368593370907,44.13959346621964,45.359691879432674,12.21439741596173,,,,,,,,,-1.6439130055179163,-1.7610139895095078,-1.615592992060988,-2.130893354560043,,,,,3.2144640347392395,3.1052593625272573,3.1905517381388915,4.258401520342792,,,,,97.24899176101188,97.33352620644779,97.23257600644226,98.3279670698493,,,,,72.85057799859138,72.06609567369512,72.89617785338578,41.41320757224236,,,,,,,,,0.0,792.000198,,,,,
4469,2024-09-18,"OBL3
sulfolane + 500mM ZnBr2 + 500mM Na Butyrate + 10mM TBABr +10% PEO 200kDa

cycle 1052 accidentally Bi cycle

couldn't get IR reading for cycle 1738

cycle ~2000 IR took 3 tries and looked wild

cycle 2152 - couldn't get IR after 3 tries",20240918_DB_4469,False,,254,24,5.0,,,,False,False,,Weatherometer,5311,2024-10-28,,,,134.07045450725298,2152,,,True,1.041532,8.933692,-6.227288,-9.425701,,,,,-2.001150769353081,2.682951931847065,T:\Shared drives\Data\Devices\2024\09\20240918\20240918_DB_4469\cycle2152\20240918_DB_4469_cycle2152.tyntEC,/code/static/DjangoDevelopment/google-drive-data/Devices/2024/09/20240918/20240918_DB_4469/cycle2152/20240918_DB_4469_cycle2152.tyntEC,5.36509,,False,,,,,,,,,,,,,,,,2.797637465761781,28.443869023507503,39.49960694223754,36.70196947647576,39.53960245908908,11.09573343558158,,,,,,,,,-1.62219536437902,-1.6013547290940622,-1.5024089548542063,-1.1697627104630126,,,,,2.2098898750821494,2.1335586735722334,1.9189887022454055,2.90602512333229,,,,,97.19380404162371,97.19167863412292,97.05880377728526,97.47547843075122,,,,,68.84936153462955,66.82577462609349,68.87915197861234,39.625338666724595,,,,,,,,,0.0,299.000381,,,,,
4470,2024-09-18,"OBL3
sulfolane + 500mM ZnBr2 + 500mM Na Butyrate + 10mM TBABr +10% PEO 200kDa

cycle 1002 accidentally Bi cycle",20240918_DB_4470,False,,254,24,5.0,,,,False,False,,Weatherometer,4940,2024-09-20,,,,96.81096414152958,2,,,True,0.09959763,10.0,-13.000029999999999,-13.00021,-1.6347691198719765,,,,-2.003693423446852,1.9397949216793184,G:\Shared drives\Data\Devices\2024\09\20240918\20240918_DB_4470\cycle2\20240918_DB_4470_cycle2.tyntEC,/code/static/DjangoDevelopment/google-drive-data/Devices/2024/09/20240918/20240918_DB_4470/cycle2/20240918_DB_4470_cycle2.tyntEC,0.730198,,True,,,0.47051631754905104,,,,,,,,,,,,,0.17365095913398676,52.17304394252492,58.94769124659778,58.77404028746379,59.0088482639383,6.835804321413376,125.999024,,,,-4.354511875463485,,,,-1.0004489292279595,-1.0220845789751798,-0.9890209547203654,-5.074759460607231,-1.6959871327958953,,,,3.1129943887402867,3.2148096451177777,3.0972078706622996,-2.4444155712777804,98.44235050290152,,,,96.8379546953845,96.89055998387852,96.83633292217425,98.47617438077054,37.7021660239939,,,,81.03597821496395,80.93568476289897,81.03801994325097,31.12826323188083,,,,,,,,0.6724,36.0,114.000046,,,,,
4470,2024-09-18,"OBL3
sulfolane + 500mM ZnBr2 + 500mM Na Butyrate + 10mM TBABr +10% PEO 200kDa

cycle 1002 accidentally Bi cycle",20240918_DB_4470,False,,254,24,5.0,,,,False,False,,Weatherometer,4952,2024-09-25,,,,92.2032561158895,152,,,True,0.0979718,10.00022,-12.99661,-12.99763,-1.8454502388593508,,,,-2.0036925080853623,1.8474697350048364,T:/Shared drives/Data/Devices/2024/09/20240918/20240918_DB_4470/cycle152/20240918_DB_4470_cycle152.tyntEC,/code/static/DjangoDevelopment/google-drive-data/Devices/2024/09/20240918/20240918_DB_4470/cycle152/20240918_DB_4470_cycle152.tyntEC,0.446884,,False,,,,,,,,,,,,,,,,-1.930111851603236,50.31613866503008,57.06629545093226,58.996407302535495,58.996407302535495,8.680268637505414,141.98896,,,,-4.330892516252627,,,,-1.1947612433041432,-1.1795135097341647,-1.1795135097341647,-4.672164813863095,-1.902160717233159,,,,3.017061490692252,2.961346002604448,2.961346002604448,-2.0051069952078393,98.46348247108526,,,,96.92215150158853,96.88749784054019,96.88749784054019,98.83896636977195,37.512682212569366,,,,79.97062507164804,81.05363283388908,81.05363283388908,35.064757866369675,,,,,,,,,0.0,126.990826,,,,,
4470,2024-09-18,"OBL3
sulfolane + 500mM ZnBr2 + 500mM Na Butyrate + 10mM TBABr +10% PEO 200kDa

cycle 1002 accidentally Bi cycle",20240918_DB_4470,False,,254,24,5.0,,,,False,False,,Weatherometer,4997,2024-09-27,,,,89.4210945178064,252,,,True,0.09713614,10.00003,-12.997969999999999,-12.99814,,,,,-2.00425050623914,1.7922227395577144,T:/Shared drives/Data/Devices/2024/09/20240918/20240918_DB_4470/cycle252/20240918_DB_4470_cycle252.tyntEC,/code/static/DjangoDevelopment/google-drive-data/Devices/2024/09/20240918/20240918_DB_4470/cycle252/20240918_DB_4470_cycle252.tyntEC,0.444409,,False,,,,,,,,,,,,,,,,-2.4078421203742835,50.04366162249769,57.74687426359777,60.15471638397205,60.15471638397205,10.111054761474362,,,,,,,,,-1.3067672776977401,-1.2996924947332733,-1.2996924947332733,-3.904040334713782,,,,,3.338884007710785,3.4333506596929464,3.4333506596929464,0.014176497260320886,,,,,97.03298282347254,97.02253930717391,97.02253930717391,98.34554000824988,,,,,80.33448700096726,81.63999560996109,81.63999560996109,37.83861273965794,,,,,,,,,0.0,137.003326,,,,,
4470,2024-09-18,"OBL3
sulfolane + 500mM ZnBr2 + 500mM Na Butyrate + 10mM TBABr +10% PEO 200kDa

cycle 1002 accidentally Bi cycle",20240918_DB_4470,False,,254,24,5.0,,,,False,False,,Weatherometer,5009,2024-09-30,,,,84.50968699558209,495,,,True,0.09701783,10.00023,-12.99702,-12.99775,-1.8837351101966613,,,,-2.0029899491703755,1.6927205365968532,T:/Shared drives/Data/Devices/2024/09/20240918/20240918_DB_4470/cycle495/20240918_DB_4470_cycle495.tyntEC,/code/static/DjangoDevelopment/google-drive-data/Devices/2024/09/20240918/20240918_DB_4470/cycle495/20240918_DB_4470_cycle495.tyntEC,0.682122,,False,,,,,,,,,,,,,,,,-3.44003379263804,50.50091627983472,56.14031969852705,59.58035349116509,59.58035349116509,9.079437211330372,144.998817,,,,-2.9393718844509253,,,,-1.499949465961603,-1.4721203468546773,-1.4721203468546773,-3.263744285967818,-2.0456234183441557,,,,3.0678722521604085,3.117003616140357,3.117003616140357,-2.1692717296669772,96.58992846138992,,,,97.08148249130181,97.04785510014133,97.04785510014133,97.08826531216266,37.839391463446766,,,,79.4611432924801,81.34832309058072,81.34832309058072,36.06634456109289,,,,,,,,,0.0,129.001734,,,,,
4470,2024-09-18,"OBL3
sulfolane + 500mM ZnBr2 + 500mM Na Butyrate + 10mM TBABr +10% PEO 200kDa

cycle 1002 accidentally Bi cycle",20240918_DB_4470,False,,254,24,5.0,,,,False,False,,Weatherometer,5033,2024-10-02,,,,103.38254862369398,644,,,True,0.09899002,9.999955,-12.99923,-12.99944,-1.7929291288864984,,,,-2.0039163560085265,2.0716998011286716,T:/Shared drives/Data/Devices/2024/09/20240918/20240918_DB_4470/cycle644/20240918_DB_4470_cycle644.tyntEC,/code/static/DjangoDevelopment/google-drive-data/Devices/2024/09/20240918/20240918_DB_4470/cycle644/20240918_DB_4470_cycle644.tyntEC,0.403718,,False,,,,,,,,,,,,,,,,0.8974182503477124,42.27014013654811,50.64735929161611,49.7499410412684,50.67039605089027,8.40025591434216,137.999265,,,,-1.5128195839406444,,,,-1.175275344451887,-1.1901614212100897,-1.214891325261036,-1.9472886558568325,-3.5936304781219786,,,,2.7316578183322227,2.877066761543534,2.7950838030151415,-3.9311917305222988,94.52550465368142,,,,96.95333173649902,96.99751098012653,96.979909307306,94.96730809911944,37.89953441560487,,,,76.23839588941334,75.68119676650326,76.22062370352678,34.86571953287355,,,,,,,,,0.0,136.999518,,,,,
4470,2024-09-18,"OBL3
sulfolane + 500mM ZnBr2 + 500mM Na Butyrate + 10mM TBABr +10% PEO 200kDa

cycle 1002 accidentally Bi cycle",20240918_DB_4470,False,,254,24,5.0,,,,False,False,,Weatherometer,5057,2024-10-07,,,,101.41977131079429,902,,,True,0.1430405,8.000121,-4.075332,-7.577889,,,,,-3.001328514996216,3.0439405161948203,T:/Shared drives/Data/Devices/2024/09/20240918/20240918_DB_4470/cycle902/20240918_DB_4470_cycle902.tyntEC,/code/static/DjangoDevelopment/google-drive-data/Devices/2024/09/20240918/20240918_DB_4470/cycle902/20240918_DB_4470_cycle902.tyntEC,56.495335,,False,,,,,,,,,,,,,,,,0.12748301631922487,27.752366006080813,37.95074382284526,37.82326080652604,37.997978309593705,10.245612303512894,,,,,,,,,-1.5439709046604633,-1.5573292333728728,-1.5314835768224233,-1.98074808129442,,,,,3.0364593221940295,2.9794951480182075,3.022364162587299,6.1831113838272,,,,,97.34860408829005,97.35927927416901,97.3432546399255,98.97226008683165,,,,,67.74716114307324,67.61322334677918,67.74276953843147,37.969472667289715,,,,,,,,,0.0,553.999287,,,,,
4470,2024-09-18,"OBL3
sulfolane + 500mM ZnBr2 + 500mM Na Butyrate + 10mM TBABr +10% PEO 200kDa

cycle 1002 accidentally Bi cycle",20240918_DB_4470,False,,254,24,5.0,,,,False,False,,Weatherometer,5069,2024-10-09,,,,88.18220223708259,1003,,,True,0.09738833999999999,10.00005,-13.00033,-13.00125,-1.2048368032424168,,,,-2.0034204236307067,1.7666602496250468,T:/Shared drives/Data/Devices/2024/09/20240918/20240918_DB_4470/cycle1003/20240918_DB_4470_cycle1003.tyntEC,/code/static/DjangoDevelopment/google-drive-data/Devices/2024/09/20240918/20240918_DB_4470/cycle1003/20240918_DB_4470_cycle1003.tyntEC,0.871492,,False,,,,,,,,,,,,,,,,-1.50724044935464,27.756089178226095,31.460845550141443,32.96808599949608,32.96808599949608,5.211996821269989,93.001622,,,,-0.6768974474361533,,,,-1.4562337713445173,-1.4121790637525722,-1.4121790637525722,-2.9462007414212676,-1.065741762342176,,,,2.83337830677195,2.9781609588309,2.9781609588309,-1.5078376155891693,94.68585229255835,,,,97.36660453399662,97.35305592959403,97.35305592959403,97.94003360038732,37.910932677254735,,,,62.65629067611164,63.90710401293819,63.90710401293819,27.22931029535608,,,,,,,,,0.0,132.000918,,,,,
4470,2024-09-18,"OBL3
sulfolane + 500mM ZnBr2 + 500mM Na Butyrate + 10mM TBABr +10% PEO 200kDa

cycle 1002 accidentally Bi cycle",20240918_DB_4470,False,,254,24,5.0,,,,False,False,,Weatherometer,5089,2024-10-11,,,,87.25385268041126,1145,,,True,0.09923233,10.00005,-12.99981,-12.9999,-1.1147985632834012,-1.894787628326348,,,-2.0043071781117887,1.7488352324525682,T:/Shared drives/Data/Devices/2024/09/20240918/20240918_DB_4470/cycle1145/20240918_DB_4470_cycle1145.tyntEC,/code/static/DjangoDevelopment/google-drive-data/Devices/2024/09/20240918/20240918_DB_4470/cycle1145/20240918_DB_4470_cycle1145.tyntEC,122.371167,,False,,,,,,,,,,,,,,,,-1.9001873042522561,26.843013718456813,29.506983417148327,31.407170721400583,31.407170721400583,4.56415700294377,85.999856,145.999904,,,-0.06970384556734266,-2.3638634373862044,,,-1.4963971648684349,-1.5173524398455207,-1.5173524398455207,-2.6501109455742133,-1.2433635343925276,-2.7935477860940416,,,2.52082830571958,2.6627042302670656,2.6627042302670656,-2.7203658583849766,93.97728144480419,96.66911564864722,,,97.37483658810339,97.39500879156823,97.39500879156823,97.19586689837021,37.90266942270187,26.700966801195115,,,61.00775865612685,62.59513899286357,62.59513899286357,25.40074169706827,,,,,,,,,0.0,125.002676,,,,,
4470,2024-09-18,"OBL3
sulfolane + 500mM ZnBr2 + 500mM Na Butyrate + 10mM TBABr +10% PEO 200kDa

cycle 1002 accidentally Bi cycle",20240918_DB_4470,False,,254,24,5.0,,,,False,False,,Weatherometer,5102,2024-10-14,,,,111.30616373436249,1352,,,True,0.5191742,10.00002,-12.99991,-12.999989999999999,-1.360688020690611,,,,-2.0040443251326594,2.2306248578413577,T:/Shared drives/Data/Devices/2024/09/20240918/20240918_DB_4470/cycle1352/20240918_DB_4470_cycle1352.tyntEC,/code/static/DjangoDevelopment/google-drive-data/Devices/2024/09/20240918/20240918_DB_4470/cycle1352/20240918_DB_4470_cycle1352.tyntEC,95.037928,,False,,,,,,,,,,,,,,,,-0.3857863928351577,25.554315151409764,31.52680299490209,31.91258938773725,31.91258938773725,6.358274236327486,105.000097,,,,-0.5403809718812214,,,,-1.5171211938415086,-1.50071108309896,-1.50071108309896,-2.245699570582155,-0.7541455931843188,,,,2.7594999490749617,2.7754516863263134,2.7754516863263134,-1.073013602839723,94.72202548113599,,,,97.39381701912706,97.37168212614797,97.37168212614797,96.9628139161585,37.98090424855782,,,,62.686452062099264,63.033887533309894,63.033887533309894,30.239953334528636,,,,,,,,,0.0,154.000236,,,,,
4528,2024-10-01,"OBL3
sulfolane + 500mM ZnBr2 + 500mM Na Butyrate + 10mM TBABr +20% PEO 200kDa",20241001_LS_4528,False,,276,24,5.0,,,,False,False,,Weatherometer,5075,2024-10-03,,,,99.44074101177665,4,,,True,0.3908257,13.00272,-5.050476,-10.24669,-2.9073362298448537,,,,-3.001681777934092,2.9848946027931333,T:/Shared drives/Data/Devices/2024/10/20241001/20241001_LS_4528/cycle4/20241001_LS_4528_cycle4.tyntEC,/code/static/DjangoDevelopment/google-drive-data/Devices/2024/10/20241001/20241001_LS_4528/cycle4/20241001_LS_4528_cycle4.tyntEC,17.466765,,True,,,0.2613841739081853,,,,,,,,,,,,,-1.3634583806870353,47.82757804933414,56.17148349824962,57.53494187893666,57.53494187893666,9.707363829602512,456.999967,,,,-1.3657320080303348,,,,-0.5208770618204128,-0.5033752723057061,-0.5033752723057061,-1.252411867886466,2.4232827091096754,,,,2.5278073393874223,2.517254537278757,2.517254537278757,2.1392399626739556,97.95258047009798,,,,96.44910293506739,96.43313942465387,96.43313942465387,97.81632359023722,37.627979424127766,,,,79.55807072392444,80.31701633110967,80.31701633110967,37.11193492305606,,,,,,,,,0.0,379.00062,,,,,
4528,2024-10-01,"OBL3
sulfolane + 500mM ZnBr2 + 500mM Na Butyrate + 10mM TBABr +20% PEO 200kDa",20241001_LS_4528,False,,276,24,5.0,,,,False,False,,Weatherometer,5082,2024-10-11,,,,95.1024031614731,152,,,True,0.6505803,10.00003,-12.99948,-12.99964,,,,,-2.00467489690376,1.9064940025302592,T:/Shared drives/Data/Devices/2024/10/20241001/20241001_LS_4528/cycle152/20241001_LS_4528_cycle152.tyntEC,/code/static/DjangoDevelopment/google-drive-data/Devices/2024/10/20241001/20241001_LS_4528/cycle152/20241001_LS_4528_cycle152.tyntEC,48.99349,,False,,,,,,,,,,,,,,,,-14.88308942216576,45.00395126889863,40.60690167128075,55.48999109344651,55.48999109344651,10.486039824547884,,,,,,,,,-0.6849924553998799,-0.8018607490511975,-0.8018607490511975,-4.232064090505416,,,,,2.3214411634521426,2.912333713739068,2.912333713739068,2.1806934890857055,,,,,96.60488193107003,96.72410718900313,96.72410718900313,98.57867180168088,,,,,69.74043756481649,79.10434467823276,79.10434467823276,38.1657065884302,,,,,,,,,0.0,148.000169,,,,,
4528,2024-10-01,"OBL3
sulfolane + 500mM ZnBr2 + 500mM Na Butyrate + 10mM TBABr +20% PEO 200kDa",20241001_LS_4528,False,,276,24,5.0,,,,False,False,,Weatherometer,5096,2024-10-14,,,,96.86871444679088,452,,,True,0.149089,9.999966,-12.99947,-12.999550000000001,-1.9706177298813785,,,,-2.001682281391252,1.9390038932929008,T:/Shared drives/Data/Devices/2024/10/20241001/20241001_LS_4528/cycle452/20241001_LS_4528_cycle452.tyntEC,/code/static/DjangoDevelopment/google-drive-data/Devices/2024/10/20241001/20241001_LS_4528/cycle452/20241001_LS_4528_cycle452.tyntEC,4.622393,,False,,,,,,,,,,,,,,,,-0.7404265770640421,48.824543706122334,57.89948693905794,58.63991351612198,58.63991351612198,9.815369809999645,152.000092,,,,-4.40576209527252,,,,-1.2644985268999154,-1.3386783379059075,-1.3386783379059075,-4.412923577189059,-0.05683460974404975,,,,3.3760224655797533,3.139023098371063,3.139023098371063,-0.06735609547479093,99.13269414608472,,,,97.02655316987298,97.03482215912211,97.03482215912211,99.12999315411125,37.3662342629445,,,,80.47481757212664,80.84080226033355,80.84080226033355,37.0837636316974,,,,,,,,,0.0,136.000292,,,,,
4528,2024-10-01,"OBL3
sulfolane + 500mM ZnBr2 + 500mM Na Butyrate + 10mM TBABr +20% PEO 200kDa",20241001_LS_4528,False,,276,24,5.0,,,,False,False,,Weatherometer,5198,2024-10-18,,,,95.99189344551286,844,,,True,0.09889413,10.00001,-12.99827,-12.998320000000001,,,,,-2.004991142235801,1.9246289608469611,T:/Shared drives/Data/Devices/2024/10/20241001/20241001_LS_4528/cycle844/20241001_LS_4528_cycle844.tyntEC,/code/static/DjangoDevelopment/google-drive-data/Devices/2024/10/20241001/20241001_LS_4528/cycle844/20241001_LS_4528_cycle844.tyntEC,147.96687,,False,,,,,,,,,,,,,,,,-0.2562601676566132,43.48829528005804,54.6700654743415,54.92632564199811,54.92632564199811,11.438030361940069,,,,,,,,,-1.2709505516275144,-1.2465877801252634,-1.2465877801252634,-3.832208425888023,,,,,3.4571439390162384,3.33556761663536,3.33556761663536,2.0322577484135462,,,,,97.07301250874379,97.04028985981003,97.04028985981003,99.12361913624918,,,,,78.59540694834128,78.74502364062256,78.74502364062256,39.92944908103619,,,,,,,,,0.0,157.000072,,,,,
4528,2024-10-01,"OBL3
sulfolane + 500mM ZnBr2 + 500mM Na Butyrate + 10mM TBABr +20% PEO 200kDa",20241001_LS_4528,False,,276,24,5.0,,,,False,False,,Weatherometer,5203,2024-10-18,,,,95.99189344551286,844,,,False,0.09889413,10.00001,-12.99827,-12.998320000000001,,,,,-2.004991142235801,1.9246289608469611,T:/Shared drives/Data/Devices/2024/10/20241001/20241001_LS_4528/cycle844/20241001_LS_4528_cycle844.tyntEC,/code/static/DjangoDevelopment/google-drive-data/Devices/2024/10/20241001/20241001_LS_4528/cycle844/20241001_LS_4528_cycle844.tyntEC,147.96687,,False,,,,,,,,,,,,,,,,-0.2562601676566132,43.48829528005804,54.6700654743415,54.92632564199811,54.92632564199811,11.438030361940069,,,,,,,,,-1.2709505516275144,-1.2465877801252634,-1.2465877801252634,-3.832208425888023,,,,,3.4571439390162384,3.33556761663536,3.33556761663536,2.0322577484135462,,,,,97.07301250874379,97.04028985981003,97.04028985981003,99.12361913624918,,,,,78.59540694834128,78.74502364062256,78.74502364062256,39.92944908103619,,,,,,,,,0.0,157.000072,,,,,
4528,2024-10-01,"OBL3
sulfolane + 500mM ZnBr2 + 500mM Na Butyrate + 10mM TBABr +20% PEO 200kDa",20241001_LS_4528,False,,276,24,5.0,,,,False,False,,Weatherometer,5239,2024-10-21,,,,95.14162675977322,1052,,,True,0.1378185,9.999956000000001,-12.4535,-12.99953,,,,,-2.00283214434269,1.9055270833952844,T:\Shared drives\Data\Devices\2024\10\20241001\20241001_LS_4528\cycle1052\20241001_LS_4528_cycle1052.tyntEC,/code/static/DjangoDevelopment/google-drive-data/Devices/2024/10/20241001/20241001_LS_4528/cycle1052/20241001_LS_4528_cycle1052.tyntEC,1.346407,,False,,,,,,,,,,,,,,,,-1.883394012239087,43.82727950022823,53.18435680882147,55.06775082106056,55.06775082106056,11.240471320832324,,,,,,,,,-1.144518733429023,-1.2611461138915536,-1.2611461138915536,-3.328702463425981,,,,,3.1491333109673114,3.1841800603834347,3.1841800603834347,2.8335946300437675,,,,,96.9590426494884,96.98439868663957,96.98439868663957,99.09545062924036,,,,,77.78613767642568,78.84484387110791,78.84484387110791,39.63641964909287,,,,,,,,,0.0,157.001257,,,,,
4528,2024-10-01,"OBL3
sulfolane + 500mM ZnBr2 + 500mM Na Butyrate + 10mM TBABr +20% PEO 200kDa",20241001_LS_4528,False,,276,24,5.0,,,,False,False,,Weatherometer,5264,2024-10-23,,,,96.87449282674518,1202,,,True,0.1739867,10.00024,-12.99693,-12.99696,,,,,-2.0038600912263305,1.941229300333061,T:\Shared drives\Data\Devices\2024\10\20241001\20241001_LS_4528\cycle1202\20241001_LS_4528_cycle1202.tyntEC,/code/static/DjangoDevelopment/google-drive-data/Devices/2024/10/20241001/20241001_LS_4528/cycle1202/20241001_LS_4528_cycle1202.tyntEC,138.139945,,False,,,,,,,,,,,,,,,,-2.679690161968921,42.14007064405404,49.46136977925571,52.14105994122463,52.14105994122463,10.00098929717059,,,,,,,,,-1.1542623842265565,-1.187821884432061,-1.187821884432061,-3.5157903734993887,,,,,2.715436593025111,2.896852523658433,2.896852523658433,1.1270190359961463,,,,,96.9100157780203,96.92281661567392,96.92281661567392,98.98929329694087,,,,,75.504186028072,77.1296083493975,77.1296083493975,37.49268161668149,,,,,,,,,0.0,150.003013,,,,,
4529,2024-10-01,"OBL3
sulfolane + 500mM ZnBr2 + 500mM Na Butyrate + 10mM TBABr +20% PEO 200kDa",20241001_LS_4529,False,,276,24,5.0,,,,False,False,,Weatherometer,5076,2024-10-03,,,,98.99640577489355,4,,,False,0.1459422,12.9981,-5.676032999999999,-12.99757,,,,,-3.0007626394794817,2.9706471589205137,T:/Shared drives/Data/Devices/2024/10/20241001/20241001_LS_4529/cycle4/20241001_LS_4529_cycle4.tyntEC,/code/static/DjangoDevelopment/google-drive-data/Devices/2024/10/20241001/20241001_LS_4529/cycle4/20241001_LS_4529_cycle4.tyntEC,21.869317,,True,,,,,,,,,,,,,,,,2.218490088853777,48.12505146276679,58.3994116447266,56.18092155587282,58.40117394117859,10.276122478411798,,,,,,,,,-0.4447074141095131,-0.4607415495347933,-0.4593308957897557,-1.2570011236457956,,,,,2.4776697642928447,2.45309546775494,2.525223115692077,2.0904947243502447,,,,,96.39790497008252,96.41664656959753,96.4171036463851,97.67065099759571,,,,,80.7906467821567,79.5425622379441,80.78346191622241,38.1363735486658,,,,,,,,,0.0,318.00784,,,,,
4529,2024-10-01,"OBL3
sulfolane + 500mM ZnBr2 + 500mM Na Butyrate + 10mM TBABr +20% PEO 200kDa",20241001_LS_4529,False,,276,24,5.0,,,,False,False,,Weatherometer,5083,2024-10-11,,,,96.74463194784376,152,,,True,0.2431656,10.000190000000002,-12.99739,-12.9975,,,,,-2.004147784833279,1.9389053981278195,T:/Shared drives/Data/Devices/2024/10/20241001/20241001_LS_4529/cycle152/20241001_LS_4529_cycle152.tyntEC,/code/static/DjangoDevelopment/google-drive-data/Devices/2024/10/20241001/20241001_LS_4529/cycle152/20241001_LS_4529_cycle152.tyntEC,109.872086,,False,,,,,,,,,,,,,,,,-1.685323578744729,44.870675370486225,54.17286756211382,55.85819114085855,55.85819114085855,10.98751577037233,,,,,,,,,-0.7724053839607281,-0.6783234298878282,-0.6783234298878282,-4.5093960828778705,,,,,2.74049231576583,2.5767848439396834,2.5767848439396834,2.7100267073341566,,,,,96.65017642664746,96.55353060736459,96.55353060736459,98.54427039104984,,,,,78.38570808178487,79.3636915584831,79.3636915584831,39.03555586971769,,,,,,,,,0.0,151.990606,,,,,
4529,2024-10-01,"OBL3
sulfolane + 500mM ZnBr2 + 500mM Na Butyrate + 10mM TBABr +20% PEO 200kDa",20241001_LS_4529,False,,276,24,5.0,,,,False,False,,Weatherometer,5097,2024-10-14,,,,97.44937185776746,452,,,True,0.09947924000000001,10.00004,-13.00019,-13.00033,,,,,-2.00483851577696,1.9537025403872357,T:/Shared drives/Data/Devices/2024/10/20241001/20241001_LS_4529/cycle452/20241001_LS_4529_cycle452.tyntEC,/code/static/DjangoDevelopment/google-drive-data/Devices/2024/10/20241001/20241001_LS_4529/cycle452/20241001_LS_4529_cycle452.tyntEC,121.198653,,False,,,,,,,,,,,,,,,,-0.5324614232144,48.54022332215169,58.75785090911699,59.29031233233139,59.29031233233139,10.750089010179696,,,,,,,,,-1.097661715258158,-1.121209279417057,-1.121209279417057,-4.412630776001514,,,,,3.3738491985000563,3.3471633614984286,3.3471633614984286,0.7942739349910966,,,,,96.94598794348082,96.95541673512756,96.95541673512756,99.01511137211963,,,,,80.91279097112229,81.20277706131623,81.20277706131623,38.70862993472151,,,,,,,,,0.0,143.990756,,,,,
4530,2024-10-01,"OBL3
sulfolane + 500mM ZnBr2 + 500mM Na Butyrate + 10mM TBABr +20% PEO 200kDa


photocheckin cycle 2023 left residue
misc bleach cycle 2023, CCCV bleach

cycle 2024 optics checkin behaving unusual, stopped cycle and did misc bleach cycle 2024
restarted optics for cycle 2024 (overwrite original file)

cycle 2024 EIS very confusing, crosses 0 multiple times
cycle 2024 VHX images on local driven under OBL and 20241108, google drive not working",20241001_LS_4530,False,,276,24,5.0,,,,False,False,,Weatherometer,5077,2024-10-08,,,,103.62486688056633,4,,,True,0.09985743000000001,8.000405,-5.239272,-9.575034,,,,,-3.0021895619586494,3.111014937081908,T:/Shared drives/Data/Devices/2024/10/20241001/20241001_LS_4530/cycle4/20241001_LS_4530_cycle4.tyntEC,/code/static/DjangoDevelopment/google-drive-data/Devices/2024/10/20241001/20241001_LS_4530/cycle4/20241001_LS_4530_cycle4.tyntEC,36.391086,,True,,,,,,,,,,,,,,,,0.11238496321069391,40.884246460458606,54.35939015310024,54.24700518988955,54.38967946710456,13.505433006645951,,,,,,,,,-0.23736573221616597,-0.2929924901281522,-0.27158156115636434,-0.9064242589389981,,,,,2.4048500086438773,2.470068412363169,2.481096090716184,5.052006976287826,,,,,96.25808842769788,96.2959902535367,96.29470899177352,99.27155590474553,,,,,78.55000307318325,78.46880801209676,78.54808512172026,43.282064521165566,,,,,,,,,0.0,449.989048,,,,,
4530,2024-10-01,"OBL3
sulfolane + 500mM ZnBr2 + 500mM Na Butyrate + 10mM TBABr +20% PEO 200kDa


photocheckin cycle 2023 left residue
misc bleach cycle 2023, CCCV bleach

cycle 2024 optics checkin behaving unusual, stopped cycle and did misc bleach cycle 2024
restarted optics for cycle 2024 (overwrite original file)

cycle 2024 EIS very confusing, crosses 0 multiple times
cycle 2024 VHX images on local driven under OBL and 20241108, google drive not working",20241001_LS_4530,False,,276,24,5.0,,,,False,False,,Weatherometer,5084,2024-10-11,,,,95.23877150160394,152,,,True,0.674999,10.000179999999999,-12.99753,-12.99763,-1.9489417157280395,,,,-2.003205477004385,1.9078282869518213,T:/Shared drives/Data/Devices/2024/10/20241001/20241001_LS_4530/cycle152/20241001_LS_4530_cycle152.tyntEC,/code/static/DjangoDevelopment/google-drive-data/Devices/2024/10/20241001/20241001_LS_4530/cycle152/20241001_LS_4530_cycle152.tyntEC,0.653824,,False,,,,,,,,,,,,,,,,-8.702783993335018,50.326159206494395,51.11501880392088,59.8178027972559,59.8178027972559,9.491643590761502,149.999707,,,,-4.882719954249021,,,,-0.5499312970391745,-0.6055828789286455,-0.6055828789286455,-5.158414821427759,0.9990580244994329,,,,2.4760760549740413,2.820724496656979,2.820724496656979,1.4743457552771178,98.49860752655323,,,,96.48724015544812,96.5506990311979,96.5506990311979,98.15394634398433,37.25631782149944,,,,76.62869290026703,81.56642317255503,81.56642317255503,36.4064931924867,,,,,,,,,0.0,133.998898,,,,,
4530,2024-10-01,"OBL3
sulfolane + 500mM ZnBr2 + 500mM Na Butyrate + 10mM TBABr +20% PEO 200kDa


photocheckin cycle 2023 left residue
misc bleach cycle 2023, CCCV bleach

cycle 2024 optics checkin behaving unusual, stopped cycle and did misc bleach cycle 2024
restarted optics for cycle 2024 (overwrite original file)

cycle 2024 EIS very confusing, crosses 0 multiple times
cycle 2024 VHX images on local driven under OBL and 20241108, google drive not working",20241001_LS_4530,False,,276,24,5.0,,,,False,False,,Weatherometer,5098,2024-10-14,,,,94.2130264577949,452,,,True,0.1487055,10.000210000000001,-12.997200000000001,-12.99801,-1.9445344871038248,,,,-2.0053053379772297,1.8892588486280606,T:/Shared drives/Data/Devices/2024/10/20241001/20241001_LS_4530/cycle452/20241001_LS_4530_cycle452.tyntEC,/code/static/DjangoDevelopment/google-drive-data/Devices/2024/10/20241001/20241001_LS_4530/cycle452/20241001_LS_4530_cycle452.tyntEC,0.872173,,False,,,,,,,,,,,,,,,,-2.3323141447991915,50.99174836833212,58.19877457666775,60.53108872146694,60.53108872146694,9.539340353134827,149.98882,,,,-4.931979274085147,,,,-0.8507143133426043,-0.9066259412990885,-0.9066259412990885,-5.0069148536004695,0.28700914490800145,,,,2.6835684414644456,2.794037289849216,2.794037289849216,0.2829890148595693,98.67336112924013,,,,96.65687546566713,96.69477474839923,96.69477474839923,98.48649086909958,37.31421167040685,,,,80.6281268466762,81.91773176101499,81.91773176101499,36.507070397154635,,,,,,,,,0.0,131.988827,,,,,
4530,2024-10-01,"OBL3
sulfolane + 500mM ZnBr2 + 500mM Na Butyrate + 10mM TBABr +20% PEO 200kDa


photocheckin cycle 2023 left residue
misc bleach cycle 2023, CCCV bleach

cycle 2024 optics checkin behaving unusual, stopped cycle and did misc bleach cycle 2024
restarted optics for cycle 2024 (overwrite original file)

cycle 2024 EIS very confusing, crosses 0 multiple times
cycle 2024 VHX images on local driven under OBL and 20241108, google drive not working",20241001_LS_4530,False,,276,24,5.0,,,,False,False,,Weatherometer,5342,2024-10-30,,,,inf,1602,,,True,,,,,,,,,0.0,8.300006336334499e-11,T:/Shared drives/Data/Devices/2024/10/20241001/20241001_LS_4530/cycle1602/20241001_LS_4530_cycle1602.tyntEC,/code/static/DjangoDevelopment/google-drive-data/Devices/2024/10/20241001/20241001_LS_4530/cycle1602/20241001_LS_4530_cycle1602.tyntEC,,,False,,,,,,,,,,,,,,,,-0.030396881289512123,0.04153740854381738,50.6707938270606,50.70119070835011,50.71233123560442,50.6707938270606,,,,,,,,,-1.032898149660344,-1.0634146263821531,-1.0513189908398224,-1.032898149660344,,,,,3.0371028854801807,3.1075056588652616,3.0864036848149867,3.0371028854801807,,,,,96.91346405642223,96.94370000565705,96.93094943293161,96.91346405642223,,,,,76.28663094315633,76.2768057929674,76.2804511286622,76.28663094315633,,,,,,,,,0.0,2.003615,,,,,
4530,2024-10-01,"OBL3
sulfolane + 500mM ZnBr2 + 500mM Na Butyrate + 10mM TBABr +20% PEO 200kDa


photocheckin cycle 2023 left residue
misc bleach cycle 2023, CCCV bleach

cycle 2024 optics checkin behaving unusual, stopped cycle and did misc bleach cycle 2024
restarted optics for cycle 2024 (overwrite original file)

cycle 2024 EIS very confusing, crosses 0 multiple times
cycle 2024 VHX images on local driven under OBL and 20241108, google drive not working",20241001_LS_4530,False,,276,24,5.0,,,,False,False,,Weatherometer,5204,2024-10-18,,,,98.66587712730374,833,,,True,0.1068692,10.00002,-12.999170000000001,-12.999170000000001,,,,,-2.002927031843416,1.9762055241881769,T:/Shared drives/Data/Devices/2024/10/20241001/20241001_LS_4530/cycle833/20241001_LS_4530_cycle833.tyntEC,/code/static/DjangoDevelopment/google-drive-data/Devices/2024/10/20241001/20241001_LS_4530/cycle833/20241001_LS_4530_cycle833.tyntEC,162.482662,,False,,,,,,,,,,,,,,,,0.05202046402955318,43.06276790043632,55.598076114087824,55.54605565005827,55.6318460327196,12.56907813228328,,,,,,,,,-1.1055429112268311,-1.0860479972600312,-1.079713412286687,-3.5381664683327427,,,,,3.465270456607783,3.476589157621124,3.386902861325125,3.969842179932226,,,,,96.98571334230992,96.98302136188966,96.95239036704412,98.58676464480845,,,,,79.13702524121479,79.11971699144988,79.14997464143921,41.62126701210825,,,,,,,,,0.0,163.000022,,,,,
4530,2024-10-01,"OBL3
sulfolane + 500mM ZnBr2 + 500mM Na Butyrate + 10mM TBABr +20% PEO 200kDa


photocheckin cycle 2023 left residue
misc bleach cycle 2023, CCCV bleach

cycle 2024 optics checkin behaving unusual, stopped cycle and did misc bleach cycle 2024
restarted optics for cycle 2024 (overwrite original file)

cycle 2024 EIS very confusing, crosses 0 multiple times
cycle 2024 VHX images on local driven under OBL and 20241108, google drive not working",20241001_LS_4530,False,,276,24,5.0,,,,False,False,,Weatherometer,5240,2024-10-21,,,,94.35439826550616,1052,,,True,0.11206949999999999,10.00001,-12.99992,-13.000029999999999,-1.959180846909005,,,,-2.003635086234308,1.8905178290529372,T:\Shared drives\Data\Devices\2024\10\20241001\20241001_LS_4530\cycle1052\20241001_LS_4530_cycle1052.tyntEC,/code/static/DjangoDevelopment/google-drive-data/Devices/2024/10/20241001/20241001_LS_4530/cycle1052/20241001_LS_4530_cycle1052.tyntEC,70.575247,,False,,,,,,,,,,,,,,,,-2.128603359121655,44.349386790892716,51.988047163886655,54.11665052300831,54.11665052300831,9.767263732115593,151.001013,,,,-3.902334812743158,,,,-1.0147955340524817,-1.045936962618621,-1.045936962618621,-3.889019332101423,2.1715099661557047,,,,3.142910945476962,3.2083081239487887,3.2083081239487887,2.250412590550288,98.67941201617464,,,,96.9189116885922,96.93992787224026,96.93992787224026,98.63804700000641,37.385333300031945,,,,77.02662498038437,78.285910739531,78.285910739531,36.89254003065282,,,,,,,,,0.0,143.001688,,,,,
4530,2024-10-01,"OBL3
sulfolane + 500mM ZnBr2 + 500mM Na Butyrate + 10mM TBABr +20% PEO 200kDa


photocheckin cycle 2023 left residue
misc bleach cycle 2023, CCCV bleach

cycle 2024 optics checkin behaving unusual, stopped cycle and did misc bleach cycle 2024
restarted optics for cycle 2024 (overwrite original file)

cycle 2024 EIS very confusing, crosses 0 multiple times
cycle 2024 VHX images on local driven under OBL and 20241108, google drive not working",20241001_LS_4530,False,,276,24,5.0,,,,False,False,,Weatherometer,5308,2024-10-28,,,,94.71961048133691,1495,,,True,0.0995927,10.00023,-12.73607,-12.99721,-1.889946821224504,,,,-2.0051847721276936,1.8993032055904346,T:\Shared drives\Data\Devices\2024\10\20241001\20241001_LS_4530\cycle1495\20241001_LS_4530_cycle1495.tyntEC,/code/static/DjangoDevelopment/google-drive-data/Devices/2024/10/20241001/20241001_LS_4530/cycle1495/20241001_LS_4530_cycle1495.tyntEC,24.121611,,False,,,,,,,,,,,,,,,,-2.9242268568235446,41.22657137456669,47.528432336911976,50.45265919373552,50.45265919373552,9.226087819168836,146.001357,,,,-3.291876168143082,,,,-1.007905754359939,-1.0060957877496834,-1.0060957877496834,-3.355229973480034,3.342615277733274,,,,3.087039618394094,3.1051051663380846,3.1051051663380846,3.7340569541353785,98.75234782194988,,,,96.95083427825011,96.9178584121571,96.9178584121571,98.56077793707186,37.39990663117342,,,,74.2845461833661,76.11581674757724,76.11581674757724,35.98670734657916,,,,,,,,,0.0,145.001382,,,,,
4530,2024-10-01,"OBL3
sulfolane + 500mM ZnBr2 + 500mM Na Butyrate + 10mM TBABr +20% PEO 200kDa


photocheckin cycle 2023 left residue
misc bleach cycle 2023, CCCV bleach

cycle 2024 optics checkin behaving unusual, stopped cycle and did misc bleach cycle 2024
restarted optics for cycle 2024 (overwrite original file)

cycle 2024 EIS very confusing, crosses 0 multiple times
cycle 2024 VHX images on local driven under OBL and 20241108, google drive not working",20241001_LS_4530,False,,276,24,5.0,,,,False,False,,Weatherometer,5391,2024-11-04,,,,76.14241628581931,1825,,,True,2.0835990000000004,8.000301,-2.315714,-6.869867,,,,,-3.00035630852618,2.284543790495845,G:\Shared drives\Data\Devices\2024\10\20241001\20241001_LS_4530\cycle1825\20241001_LS_4530_cycle1825.tyntEC,/code/static/DjangoDevelopment/google-drive-data/Devices/2024/10/20241001/20241001_LS_4530/cycle1825/20241001_LS_4530_cycle1825.tyntEC,0.0,,False,,,,,,,,,,,,,,,,-6.790440814999425,16.23894710013849,26.60017048774812,33.390611302747544,33.390611302747544,17.151664202609055,,,,,,,,,-1.1825291302972052,-1.3203337060361808,-1.3203337060361808,-0.9519177404643808,,,,,2.4382580085018146,3.176620000860786,3.176620000860786,2.2206929173910206,,,,,97.38333238642129,97.42575727390094,97.42575727390094,97.56527878924975,,,,,58.339407827309785,64.18024934922947,64.18024934922947,48.15913113940775,,,,,,,,,0.0,951.998018,,,,,
